URL,H1 —Ç–µ–∫—É—â–∏–π,H1 —Ä–µ–∫–æ–º–µ–Ω–¥—É–µ–º—ã–π,Title,Description
/filter/professii-is-futbolistu/apply/,–ü–æ–¥–∞—Ä–æ–∫ –§—É—Ç–±–æ–ª–∏—Å—Ç—É,–≠–ª–∏—Ç–Ω—ã–π –ø–æ–¥–∞—Ä–æ–∫ –¥–ª—è —Ñ—É—Ç–±–æ–ª–∏—Å—Ç–∞,–ö—É–ø–∏—Ç—å —ç–ª–∏—Ç–Ω—ã–π –ø–æ–¥–∞—Ä–æ–∫ –¥–ª—è —Ñ—É—Ç–±–æ–ª–∏—Å—Ç–∞ | –≠–ª–∏—Ç–Ω—ã–µ –ü–æ–¥–∞—Ä–∫–∏,"–ü—Ä–∏–æ–±—Ä–µ—Å—Ç–∏ —ç–ª–∏—Ç–Ω—ã–π –ø–æ–¥–∞—Ä–æ–∫ –¥–ª—è —Ñ—É—Ç–±–æ–ª–∏—Å—Ç–∞ üëë –≤ –Ω–∞—à–µ–º –∏–Ω—Ç–µ—Ä–Ω–µ—Ç-–º–∞–≥–∞–∑–∏–Ω–µ. –®–∏—Ä–æ–∫–∏–π –≤—ã–±–æ—Ä —ç–∫—Å–∫–ª—é–∑–∏–≤–Ω—ã—Ö –ø–æ–¥–∞—Ä–∫–æ–≤ –∏ —Å—É–≤–µ–Ω–∏—Ä–æ–≤ –¥–ª—è –ª—é–±–∏—Ç–µ–ª–µ–π —Ñ—É—Ç–±–æ–ª–∞ —Å –¥–æ—Å—Ç–∞–≤–∫–æ–π –ø–æ –ú–æ—Å–∫–≤–µ –∏ –†–æ—Å—Å–∏–∏ ‚Äî –ø–æ–∫—É–ø–∞–π—Ç–µ —É–Ω–∏–∫–∞–ª—å–Ω—ã–µ –ø–æ–¥–∞—Ä–∫–∏, –∫–æ—Ç–æ—Ä—ã–µ –ø–æ–¥—á–µ—Ä–∫–Ω—É—Ç –≤–∞—à—É –ª—é–±–æ–≤—å –∫ —Ñ—É—Ç–±–æ–ª—É ‚öΩ!"
/filter/professii-is-stroitelyu/apply/,–ü–æ–¥–∞—Ä–æ–∫ –°—Ç—Ä–æ–∏—Ç–µ–ª—é,–≠–ª–∏—Ç–Ω—ã–π –ø–æ–¥–∞—Ä–æ–∫ –¥–ª—è —Å—Ç—Ä–æ–∏—Ç–µ–ª—è,–ö—É–ø–∏—Ç—å —ç–ª–∏—Ç–Ω—ã–π –ø–æ–¥–∞—Ä–æ–∫ –¥–ª—è —Å—Ç—Ä–æ–∏—Ç–µ–ª—è | –≠–ª–∏—Ç–Ω—ã–µ –ü–æ–¥–∞—Ä–∫–∏,"–ü—Ä–∏–æ–±—Ä–µ—Å—Ç–∏ —ç–ª–∏—Ç–Ω—ã–π –ø–æ–¥–∞—Ä–æ–∫ –Ω–∞ –¥–µ–Ω—å —Å—Ç—Ä–æ–∏—Ç–µ–ª—è üëë –≤ –Ω–∞—à–µ–º –∏–Ω—Ç–µ—Ä–Ω–µ—Ç-–º–∞–≥–∞–∑–∏–Ω–µ. –®–∏—Ä–æ–∫–∏–π –≤—ã–±–æ—Ä —ç–∫—Å–∫–ª—é–∑–∏–≤–Ω—ã—Ö –ø–æ–¥–∞—Ä–∫–æ–≤ –≤—ã—Å–æ–∫–æ–≥–æ –∫–∞—á–µ—Å—Ç–≤–∞ —Å –¥–æ—Å—Ç–∞–≤–∫–æ–π –ø–æ –ú–æ—Å–∫–≤–µ –∏ –†–æ—Å—Å–∏–∏ ‚Äî –≤—ã–±–∏—Ä–∞–π—Ç–µ –ø—Ä–µ—Å—Ç–∏–∂–Ω—ã–µ –ø–æ–¥–∞—Ä–∫–∏, –∫–æ—Ç–æ—Ä—ã–µ –±—É–¥—É—Ç –ø–æ–ª–µ–∑–Ω—ã–º–∏ –∏ –≤–¥–æ—Ö–Ω–æ–≤–ª—è—é—â–∏–º–∏ –¥–ª—è –ª—é–±–æ–≥–æ –ø—Ä–æ—Ñ–µ—Å—Å–∏–æ–Ω–∞–ª–∞ —Å—Ç—Ä–æ–∏—Ç–µ–ª—å–Ω–æ–π –æ—Ç—Ä–∞—Å–ª–∏ üèóÔ∏è!"
/filter/komu-is-zhenshchine-or-rukovoditelyu-1/apply/,–ü–æ–¥–∞—Ä–æ–∫ –ñ–µ–Ω—â–∏–Ω–µ –†—É–∫–æ–≤–æ–¥–∏—Ç–µ–ª—é,–≠–ª–∏—Ç–Ω—ã–µ –ø–æ–¥–∞—Ä–∫–∏ –¥–ª—è —Ä—É–∫–æ–≤–æ–¥–∏—Ç–µ–ª–µ–π –∂–µ–Ω—â–∏–Ω,–ö—É–ø–∏—Ç—å –¥–æ—Ä–æ–≥–æ–π –ø–æ–¥–∞—Ä–æ–∫ –∂–µ–Ω—â–∏–Ω–µ —Ä—É–∫–æ–≤–æ–¥–∏—Ç–µ–ª—é | –≠–ª–∏—Ç–Ω—ã–µ –ü–æ–¥–∞—Ä–∫–∏,"–ü—Ä–∏–æ–±—Ä–µ—Å—Ç–∏ –¥–æ—Ä–æ–≥–æ–π –ø–æ–¥–∞—Ä–æ–∫ –¥–ª—è –∂–µ–Ω—â–∏–Ω—ã-—Ä—É–∫–æ–≤–æ–¥–∏—Ç–µ–ª—è üëë –≤ –Ω–∞—à–µ–º –∏–Ω—Ç–µ—Ä–Ω–µ—Ç-–º–∞–≥–∞–∑–∏–Ω–µ. –®–∏—Ä–æ–∫–∏–π –≤—ã–±–æ—Ä —ç–∫—Å–∫–ª—é–∑–∏–≤–Ω—ã—Ö –ø–æ–¥–∞—Ä–∫–æ–≤ –∏ –ø—Ä–µ–¥–º–µ—Ç–æ–≤ —Ä–æ—Å–∫–æ—à–∏ —Å –¥–æ—Å—Ç–∞–≤–∫–æ–π –ø–æ –ú–æ—Å–∫–≤–µ –∏ –†–æ—Å—Å–∏–∏ ‚Äî –≤—ã–±–∏—Ä–∞–π—Ç–µ –∏–∑—ã—Å–∫–∞–Ω–Ω—ã–µ –ø–æ–¥–∞—Ä–∫–∏, –∫–æ—Ç–æ—Ä—ã–µ –ø–æ–¥—á–µ—Ä–∫–Ω—É—Ç –µ–µ —Å—Ç–∞—Ç—É—Å –∏ —É—Ç–æ–Ω—á–µ–Ω–Ω—ã–π –≤–∫—É—Å, –∏ –ø–æ–¥–∞—Ä—è—Ç –Ω–µ–∑–∞–±—ã–≤–∞–µ–º—ã–µ –º–æ–º–µ–Ω—Ç—ã ‚ú®!"
/filter/professii-is-vrachu/apply/,–ü–æ–¥–∞—Ä–æ–∫ –í—Ä–∞—á—É,–≠–ª–∏—Ç–Ω—ã–µ –ø–æ–¥–∞—Ä–∫–∏ –¥–ª—è –≤—Ä–∞—á–µ–π,–ö—É–ø–∏—Ç—å –¥–æ—Ä–æ–≥–∏–µ –ø–æ–¥–∞—Ä–∫–∏ –≤—Ä–∞—á—É | –≠–ª–∏—Ç–Ω—ã–µ –ü–æ–¥–∞—Ä–∫–∏,"–ü—Ä–∏–æ–±—Ä–µ—Å—Ç–∏ –¥–æ—Ä–æ–≥–∏–µ –ø–æ–¥–∞—Ä–∫–∏ –¥–ª—è –≤—Ä–∞—á–∞ üëë –≤ –Ω–∞—à–µ–º –∏–Ω—Ç–µ—Ä–Ω–µ—Ç-–º–∞–≥–∞–∑–∏–Ω–µ. –®–∏—Ä–æ–∫–∏–π –≤—ã–±–æ—Ä –∏–∑—ã—Å–∫–∞–Ω–Ω—ã—Ö –ø–æ–¥–∞—Ä–∫–æ–≤ –≤—ã—Å–æ–∫–æ–≥–æ –∫–∞—á–µ—Å—Ç–≤–∞ —Å –¥–æ—Å—Ç–∞–≤–∫–æ–π –ø–æ –ú–æ—Å–∫–≤–µ –∏ –†–æ—Å—Å–∏–∏ ‚Äî –≤—ã–±–∏—Ä–∞–π—Ç–µ –ø–æ–¥–∞—Ä–∫–∏, –∫–æ—Ç–æ—Ä—ã–µ –≤—ã—Ä–∞–∑—è—Ç –≤–∞—à—É –±–ª–∞–≥–æ–¥–∞—Ä–Ω–æ—Å—Ç—å –∏ —É–≤–∞–∂–µ–Ω–∏–µ –∫ –∏—Ö –Ω–µ–ª–µ–≥–∫–æ–º—É —Ç—Ä—É–¥—É, –∏ –ø–æ–¥–∞—Ä—è—Ç –Ω–µ–∑–∞–±—ã–≤–∞–µ–º—ã–µ –º–æ–º–µ–Ω—Ç—ã —Ä–∞–¥–æ—Å—Ç–∏ –∏ –ø—Ä–∏–∑–Ω–∞—Ç–µ–ª—å–Ω–æ—Å—Ç–∏ ü©∫!"
/filter/povod-is-rozhdestvo/apply/,–ü–æ–¥–∞—Ä–æ–∫ –Ω–∞ –†–æ–∂–¥–µ—Å—Ç–≤–æ,–≠–∫—Å–∫–ª—é–∑–∏–≤–Ω—ã–µ –ø–æ–¥–∞—Ä–∫–∏ –Ω–∞ –ù–æ–≤—ã–π –≥–æ–¥,–ö—É–ø–∏—Ç—å —ç–∫—Å–∫–ª—é–∑–∏–≤–Ω—ã–µ –ø–æ–¥–∞—Ä–∫–∏ –Ω–∞ –ù–æ–≤—ã–π –≥–æ–¥ | –≠–ª–∏—Ç–Ω—ã–µ –ü–æ–¥–∞—Ä–∫–∏,"–ü—Ä–∏–æ–±—Ä–µ—Å—Ç–∏ —ç–∫—Å–∫–ª—é–∑–∏–≤–Ω—ã–µ –ø–æ–¥–∞—Ä–∫–∏ –Ω–∞ –ù–æ–≤—ã–π –≥–æ–¥ üëë –≤ –Ω–∞—à–µ–º –∏–Ω—Ç–µ—Ä–Ω–µ—Ç-–º–∞–≥–∞–∑–∏–Ω–µ. –®–∏—Ä–æ–∫–∏–π –≤—ã–±–æ—Ä —É–Ω–∏–∫–∞–ª—å–Ω—ã—Ö –ø–æ–¥–∞—Ä–∫–æ–≤ –∏ –Ω–æ–≤–æ–≥–æ–¥–Ω–∏—Ö —Å—É–≤–µ–Ω–∏—Ä–æ–≤ —Å –¥–æ—Å—Ç–∞–≤–∫–æ–π –ø–æ –ú–æ—Å–∫–≤–µ –∏ –†–æ—Å—Å–∏–∏ ‚Äî –≤—ã–±–∏—Ä–∞–π—Ç–µ –∏–∑—ã—Å–∫–∞–Ω–Ω—ã–µ –ø–æ–¥–∞—Ä–∫–∏, –∫–æ—Ç–æ—Ä—ã–µ –ø–æ–¥–∞—Ä—è—Ç –≤–∞—à–∏–º –±–ª–∏–∑–∫–∏–º –Ω–µ–∑–∞–±—ã–≤–∞–µ–º—ã–µ –≤–ø–µ—á–∞—Ç–ª–µ–Ω–∏—è –∏ —Ä–∞–¥–æ—Å—Ç—å –ø—Ä–∞–∑–¥–Ω–∏—á–Ω–æ–≥–æ –Ω–∞—Å—Ç—Ä–æ–µ–Ω–∏—è üéÅüéÑ!"
/filter/professii-is-prokuroru/apply/,–ü–æ–¥–∞—Ä–æ–∫ –ü—Ä–æ–∫—É—Ä–æ—Ä—É,–≠–ª–∏—Ç–Ω—ã–π –ø–æ–¥–∞—Ä–æ–∫ –ø—Ä–æ–∫—É—Ä–æ—Ä—É,–ö—É–ø–∏—Ç—å —ç–ª–∏—Ç–Ω—ã–π –ø–æ–¥–∞—Ä–æ–∫ –ø—Ä–æ–∫—É—Ä–æ—Ä—É | –≠–ª–∏—Ç–Ω—ã–µ –ü–æ–¥–∞—Ä–∫–∏,"–ü—Ä–∏–æ–±—Ä–µ—Å—Ç–∏ —ç–ª–∏—Ç–Ω—ã–π –ø–æ–¥–∞—Ä–æ–∫ –Ω–∞ –¥–µ–Ω—å –ø—Ä–æ–∫—É—Ä–∞—Ç—É—Ä—ã üëë –≤ –Ω–∞—à–µ–º –∏–Ω—Ç–µ—Ä–Ω–µ—Ç-–º–∞–≥–∞–∑–∏–Ω–µ. –®–∏—Ä–æ–∫–∏–π –≤—ã–±–æ—Ä –∏–∑—ã—Å–∫–∞–Ω–Ω—ã—Ö –ø–æ–¥–∞—Ä–∫–æ–≤ –∏ –ø—Ä–µ–¥–º–µ—Ç–æ–≤ —Ä–æ—Å–∫–æ—à–∏ —Å –¥–æ—Å—Ç–∞–≤–∫–æ–π –ø–æ –ú–æ—Å–∫–≤–µ –∏ –†–æ—Å—Å–∏–∏ ‚Äî –≤—ã–±–∏—Ä–∞–π—Ç–µ –ø–æ–¥–∞—Ä–∫–∏, –∫–æ—Ç–æ—Ä—ã–µ –ø–æ–¥—á–µ—Ä–∫–Ω—É—Ç –µ–≥–æ –ø—Ä–æ—Ñ–µ—Å—Å–∏–æ–Ω–∞–ª–∏–∑–º –∏ –≤–∫–ª–∞–¥ –≤ –æ–±—â–µ—Å—Ç–≤–æ, –∏ –ø–æ–¥–∞—Ä—è—Ç –Ω–µ–∑–∞–±—ã–≤–∞–µ–º—ã–µ –º–æ–º–µ–Ω—Ç—ã üèõÔ∏è!"
/filter/povod-is-rozhdenie-rebenka/apply/,–ü–æ–¥–∞—Ä–æ–∫ –Ω–∞ –†–æ–∂–¥–µ–Ω–∏–µ —Ä–µ–±–µ–Ω–∫–∞,–≠–ª–∏—Ç–Ω—ã–π –ø–æ–¥–∞—Ä–æ–∫ –Ω–∞ —Ä–æ–∂–¥–µ–Ω–∏–µ —Ä–µ–±–µ–Ω–∫–∞,–ö—É–ø–∏—Ç—å —ç–ª–∏—Ç–Ω—ã–π –ø–æ–¥–∞—Ä–æ–∫ –Ω–∞ —Ä–æ–∂–¥–µ–Ω–∏–µ —Ä–µ–±–µ–Ω–∫–∞ | –≠–ª–∏—Ç–Ω—ã–µ –ü–æ–¥–∞—Ä–∫–∏,"–ü–æ–¥–∞—Ä–∏—Ç–µ –Ω–µ–∑–∞–±—ã–≤–∞–µ–º—ã–π –º–æ–º–µ–Ω—Ç –Ω–∞ —Ä–æ–∂–¥–µ–Ω–∏–µ —Ä–µ–±–µ–Ω–∫–∞ —Å –ø–æ–º–æ—â—å—é –Ω–∞—à–µ–≥–æ —ç–ª–∏—Ç–Ω–æ–≥–æ –ø–æ–¥–∞—Ä–∫–∞ üëë. –í –Ω–∞—à–µ–º –∏–Ω—Ç–µ—Ä–Ω–µ—Ç-–º–∞–≥–∞–∑–∏–Ω–µ –≤—ã –Ω–∞–π–¥–µ—Ç–µ –∏–∑—ã—Å–∫–∞–Ω–Ω—ã–µ –ø–æ–¥–∞—Ä–∫–∏, –∫–æ—Ç–æ—Ä—ã–µ —Å—Ç–∞–Ω—É—Ç —Å–∏–º–≤–æ–ª–æ–º –≤–∞—à–µ–π –∑–∞–±–æ—Ç—ã –∏ –ª—é–±–≤–∏ –∫ –º–∞–ª—ã—à—É –∏ –µ–≥–æ —Ä–æ–¥–∏—Ç–µ–ª—è–º. –®–∏—Ä–æ–∫–∏–π –≤—ã–±–æ—Ä —ç–∫—Å–∫–ª—é–∑–∏–≤–Ω—ã—Ö –ø–æ–¥–∞—Ä–∫–æ–≤ –∏ –¥–µ—Ç—Å–∫–∏—Ö —Å—É–≤–µ–Ω–∏—Ä–æ–≤ —Å –¥–æ—Å—Ç–∞–≤–∫–æ–π –ø–æ –ú–æ—Å–∫–≤–µ –∏ –†–æ—Å—Å–∏–∏ ‚Äî –≤—ã–±–∏—Ä–∞–π—Ç–µ –ø–æ–¥–∞—Ä–∫–∏, –∫–æ—Ç–æ—Ä—ã–µ –∑–∞–ø–æ–º–Ω—è—Ç—Å—è –Ω–∞ –≤—Å—é –∂–∏–∑–Ω—å üçºüë∂!"
/filter/komu-is-pare/apply/,–ü–æ–¥–∞—Ä–æ–∫ –ü–∞—Ä–µ,–≠–ª–∏—Ç–Ω—ã–π –ø–æ–¥–∞—Ä–æ–∫ –¥–ª—è –ø–∞—Ä—ã,–ö—É–ø–∏—Ç—å —ç–ª–∏—Ç–Ω—ã–π –ø–æ–¥–∞—Ä–æ–∫ –¥–ª—è –ø–∞—Ä—ã | –≠–ª–∏—Ç–Ω—ã–µ –ü–æ–¥–∞—Ä–∫–∏,"–ü–æ–¥–∞—Ä–∏—Ç–µ –Ω–µ–∑–∞–±—ã–≤–∞–µ–º—ã–µ –º–æ–º–µ–Ω—Ç—ã —Å –Ω–∞—à–∏–º —ç–ª–∏—Ç–Ω—ã–º –ø–æ–¥–∞—Ä–∫–æ–º –¥–ª—è –ø–∞—Ä—ã üëë. –í –Ω–∞—à–µ–º –∏–Ω—Ç–µ—Ä–Ω–µ—Ç-–º–∞–≥–∞–∑–∏–Ω–µ –≤—ã –Ω–∞–π–¥–µ—Ç–µ –∏–∑—ã—Å–∫–∞–Ω–Ω—ã–µ –ø–æ–¥–∞—Ä–∫–∏, –∫–æ—Ç–æ—Ä—ã–µ —Å—Ç–∞–Ω—É—Ç —Å–∏–º–≤–æ–ª–æ–º –≤–∞—à–µ–π –ª—é–±–≤–∏ –∏ –ø—Ä–µ–¥–∞–Ω–Ω–æ—Å—Ç–∏ –¥—Ä—É–≥ –¥—Ä—É–≥—É. –®–∏—Ä–æ–∫–∏–π –≤—ã–±–æ—Ä —ç–∫—Å–∫–ª—é–∑–∏–≤–Ω—ã—Ö –ø–æ–¥–∞—Ä–∫–æ–≤ –∏ –ø—Ä–µ–¥–º–µ—Ç–æ–≤ —Ä–æ—Å–∫–æ—à–∏ —Å –¥–æ—Å—Ç–∞–≤–∫–æ–π –ø–æ –ú–æ—Å–∫–≤–µ –∏ –†–æ—Å—Å–∏–∏ ‚Äî –≤—ã–±–∏—Ä–∞–π—Ç–µ –ø–æ–¥–∞—Ä–∫–∏, –∫–æ—Ç–æ—Ä—ã–µ –ø–æ–¥—á–µ—Ä–∫–Ω—É—Ç –≤–∞—à—É –∏–Ω–¥–∏–≤–∏–¥—É–∞–ª—å–Ω–æ—Å—Ç—å üíñ!"
/filter/professii-is-uchitelyu/apply/,–ü–æ–¥–∞—Ä–æ–∫ –£—á–∏—Ç–µ–ª—é,–≠–ª–∏—Ç–Ω—ã–π –ø–æ–¥–∞—Ä–æ–∫ —É—á–∏—Ç–µ–ª—é,–≠–∫—Å–∫–ª—é–∑–∏–≤–Ω—ã–π –ø–æ–¥–∞—Ä–æ–∫ —É—á–∏—Ç–µ–ª—é | –≠–ª–∏—Ç–Ω—ã–µ –ü–æ–¥–∞—Ä–∫–∏,"–ü–æ–¥–∞—Ä–∏—Ç–µ —É—á–∏—Ç–µ–ª—é –Ω–µ–∑–∞–±—ã–≤–∞–µ–º—ã–π –º–æ–º–µ–Ω—Ç –±–ª–∞–≥–æ–¥–∞—Ä–Ω–æ—Å—Ç–∏ —Å –Ω–∞—à–∏–º –ø–æ–¥–∞—Ä–∫–æ–º. –í –Ω–∞—à–µ–º –∏–Ω—Ç–µ—Ä–Ω–µ—Ç-–º–∞–≥–∞–∑–∏–Ω–µ —à–∏—Ä–æ–∫–∏–π –≤—ã–±–æ—Ä –∏–∑—ã—Å–∫–∞–Ω–Ω—ã—Ö –ø–æ–¥–∞—Ä–∫–æ–≤, –∫–æ—Ç–æ—Ä—ã–µ –ø–æ–¥—á–µ—Ä–∫–Ω—É—Ç –≤–∞—à–µ —É–≤–∞–∂–µ–Ω–∏–µ –∫ –∏—Ö —Ç—Ä—É–¥—É. –î–æ—Å—Ç–∞–≤–∫–∞ –ø–æ –ú–æ—Å–∫–≤–µ –∏ –†–æ—Å—Å–∏–∏ üìö‚ú®!"
/filter/professii-is-psikhologu/apply/,–ü–æ–¥–∞—Ä–æ–∫ –ü—Å–∏—Ö–æ–ª–æ–≥—É,–≠–ª–∏—Ç–Ω—ã–π –ø–æ–¥–∞—Ä–æ–∫ –¥–ª—è –ø—Å–∏—Ö–æ–ª–æ–≥–∞,–≠–ª–∏—Ç–Ω—ã–π –ø–æ–¥–∞—Ä–æ–∫ –¥–ª—è –ø—Å–∏—Ö–æ–ª–æ–≥–∞ | –≠–ª–∏—Ç–Ω—ã–µ –ü–æ–¥–∞—Ä–∫–∏,"–ü–æ–¥–∞—Ä–∏—Ç–µ –ø—Å–∏—Ö–æ–ª–æ–≥—É –Ω–µ–∑–∞–±—ã–≤–∞–µ–º—ã–π –º–æ–º–µ–Ω—Ç –≤–æ—Å—Ö–∏—â–µ–Ω–∏—è —Å –Ω–∞—à–∏–º —ç–ª–∏—Ç–Ω—ã–º –ø–æ–¥–∞—Ä–∫–æ–º. –í –Ω–∞—à–µ–º –∏–Ω—Ç–µ—Ä–Ω–µ—Ç-–º–∞–≥–∞–∑–∏–Ω–µ —à–∏—Ä–æ–∫–∏–π –≤—ã–±–æ—Ä –∏–∑—ã—Å–∫–∞–Ω–Ω—ã—Ö –ø–æ–¥–∞—Ä–∫–æ–≤, –≤—ã—Ä–∞–∂–∞—é—â–∏—Ö –≤–∞—à–µ –ø—Ä–∏–∑–Ω–∞—Ç–µ–ª—å–Ω–æ–µ –æ—Ç–Ω–æ—à–µ–Ω–∏–µ –∫ –∏—Ö —Ä–∞–±–æ—Ç–µ. –î–æ—Å—Ç–∞–≤–∫–∞ –ø–æ –ú–æ—Å–∫–≤–µ –∏ –†–æ—Å—Å–∏–∏ üß†‚ú®!"
/filter/professii-is-rukovoditelyu/apply/,–ü–æ–¥–∞—Ä–æ–∫ –†—É–∫–æ–≤–æ–¥–∏—Ç–µ–ª—é,–≠–ª–∏—Ç–Ω—ã–π –ø–æ–¥–∞—Ä–æ–∫ —Ä—É–∫–æ–≤–æ–¥–∏—Ç–µ–ª—é,–≠–ª–∏—Ç–Ω—ã–π –ø–æ–¥–∞—Ä–æ–∫ —Ä—É–∫–æ–≤–æ–¥–∏—Ç–µ–ª—é | –≠–ª–∏—Ç–Ω—ã–µ –ü–æ–¥–∞—Ä–∫–∏,"–ü–æ–¥–∞—Ä–∏—Ç–µ –≤–∞—à–µ–º—É —Ä—É–∫–æ–≤–æ–¥–∏—Ç–µ–ª—é –Ω–µ–∑–∞–±—ã–≤–∞–µ–º—ã–π –º–æ–º–µ–Ω—Ç –ø—Ä–µ–≤–æ—Å—Ö–æ–¥—Å—Ç–≤–∞ —Å –Ω–∞—à–∏–º —ç–ª–∏—Ç–Ω—ã–º –ø–æ–¥–∞—Ä–∫–æ–º. –í –Ω–∞—à–µ–º –∏–Ω—Ç–µ—Ä–Ω–µ—Ç-–º–∞–≥–∞–∑–∏–Ω–µ —à–∏—Ä–æ–∫–∏–π –≤—ã–±–æ—Ä –∏–∑—ã—Å–∫–∞–Ω–Ω—ã—Ö –ø–æ–¥–∞—Ä–∫–æ–≤, –≤—ã—Ä–∞–∂–∞—é—â–∏—Ö –≤–∞—à–µ —É–≤–∞–∂–µ–Ω–∏–µ –∏ –ø—Ä–∏–∑–Ω–∞—Ç–µ–ª—å–Ω–æ—Å—Ç—å –∑–∞ –∏—Ö –ª–∏–¥–µ—Ä—Å—Ç–≤–æ –∏ –≤–∫–ª–∞–¥ –≤ —É—Å–ø–µ—Ö –∫–æ–º–ø–∞–Ω–∏–∏. –î–æ—Å—Ç–∞–≤–∫–∞ –ø–æ –ú–æ—Å–∫–≤–µ –∏ –†–æ—Å—Å–∏–∏ üé©‚ú®!"
/filter/komu-is-zhenshchine-or-mame/apply/,–ü–æ–¥–∞—Ä–æ–∫ –ñ–µ–Ω—â–∏–Ω–µ –ú–∞–º–µ,–≠–ª–∏—Ç–Ω—ã–π –ø–æ–¥–∞—Ä–æ–∫ –º–∞–º–µ,–î–æ—Ä–æ–≥–∏–µ –ø–æ–¥–∞—Ä–∫–∏ –¥–ª—è –º–∞–º—ã | –≠–ª–∏—Ç–Ω—ã–µ –ü–æ–¥–∞—Ä–∫–∏,"–ü–æ–¥–∞—Ä–∏—Ç–µ –≤–∞—à–µ–π –º–∞–º–µ –Ω–µ–∑–∞–±—ã–≤–∞–µ–º—ã–π –º–æ–º–µ–Ω—Ç —Ä–æ—Å–∫–æ—à–∏ —Å –Ω–∞—à–∏–º–∏ –¥–æ—Ä–æ–≥–∏–º–∏ –ø–æ–¥–∞—Ä–∫–∞–º–∏. –í –Ω–∞—à–µ–º –∏–Ω—Ç–µ—Ä–Ω–µ—Ç-–º–∞–≥–∞–∑–∏–Ω–µ –ø—Ä–µ–¥—Å—Ç–∞–≤–ª–µ–Ω —à–∏—Ä–æ–∫–∏–π –≤—ã–±–æ—Ä –∏–∑—ã—Å–∫–∞–Ω–Ω—ã—Ö –ø–æ–¥–∞—Ä–∫–æ–≤, –∫–æ—Ç–æ—Ä—ã–µ –ø–æ–¥—á–µ—Ä–∫–Ω—É—Ç –≤–∞—à—É –ª—é–±–æ–≤—å –∏ –ø—Ä–∏–∑–Ω–∞—Ç–µ–ª—å–Ω–æ—Å—Ç—å –∫ –Ω–µ–π. –î–æ—Å—Ç–∞–≤–∫–∞ –ø–æ –ú–æ—Å–∫–≤–µ –∏ –†–æ—Å—Å–∏–∏ üåπ‚ú®!"
/filter/professii-is-sude/apply/,–ü–æ–¥–∞—Ä–æ–∫ –°—É–¥—å–µ,–≠–ª–∏—Ç–Ω—ã–π –ø–æ–¥–∞—Ä–æ–∫ –¥–ª—è —Å—É–¥—å–∏,–≠–ª–∏—Ç–Ω—ã–π –ø–æ–¥–∞—Ä–æ–∫ –¥–ª—è —Å—É–¥—å–∏ | –≠–ª–∏—Ç–Ω—ã–µ –ü–æ–¥–∞—Ä–∫–∏,"–ü–æ–¥–∞—Ä–∏—Ç–µ —Å—É–¥—å–µ –Ω–µ–∑–∞–±—ã–≤–∞–µ–º—ã–π –º–æ–º–µ–Ω—Ç –ø–æ—á—Ç–µ–Ω–∏—è —Å –Ω–∞—à–∏–º —ç–ª–∏—Ç–Ω—ã–º –ø–æ–¥–∞—Ä–∫–æ–º. –í –Ω–∞—à–µ–º –∏–Ω—Ç–µ—Ä–Ω–µ—Ç-–º–∞–≥–∞–∑–∏–Ω–µ –ø—Ä–µ–¥—Å—Ç–∞–≤–ª–µ–Ω —à–∏—Ä–æ–∫–∏–π –≤—ã–±–æ—Ä –∏–∑—ã—Å–∫–∞–Ω–Ω—ã—Ö –ø–æ–¥–∞—Ä–∫–æ–≤, –∫–æ—Ç–æ—Ä—ã–µ –ø–æ–¥—á–µ—Ä–∫–Ω—É—Ç –≤–∞—à–µ —É–≤–∞–∂–µ–Ω–∏–µ –∫ –∏—Ö –ø—Ä–æ—Ñ–µ—Å—Å–∏–æ–Ω–∞–ª–∏–∑–º—É –∏ –∑–∞–±–æ—Ç–µ –æ —Å–ø—Ä–∞–≤–µ–¥–ª–∏–≤–æ—Å—Ç–∏. –î–æ—Å—Ç–∞–≤–∫–∞ –ø–æ –ú–æ—Å–∫–≤–µ –∏ –†–æ—Å—Å–∏–∏ ‚öñÔ∏è‚ú®!"
/filter/povod-is-23-fevralya/apply/,–ü–æ–¥–∞—Ä–æ–∫ –Ω–∞ 23 –§–µ–≤—Ä–∞–ª—è,–≠–ª–∏—Ç–Ω—ã–µ –ø–æ–¥–∞—Ä–∫–∏ –Ω–∞ 23 —Ñ–µ–≤—Ä–∞–ª—è,–≠–ª–∏—Ç–Ω—ã–µ –ø–æ–¥–∞—Ä–∫–∏ –Ω–∞ 23 —Ñ–µ–≤—Ä–∞–ª—è | –≠–ª–∏—Ç–Ω—ã–µ –ü–æ–¥–∞—Ä–∫–∏,"–ü–æ–¥–∞—Ä–∏—Ç–µ –Ω–µ–∑–∞–±—ã–≤–∞–µ–º—ã–µ –º–æ–º–µ–Ω—Ç—ã –º—É–∂–µ—Å—Ç–≤–∞ —Å –Ω–∞—à–∏–º–∏ —ç–ª–∏—Ç–Ω—ã–º–∏ –ø–æ–¥–∞—Ä–∫–∞–º–∏ –Ω–∞ 23 —Ñ–µ–≤—Ä–∞–ª—è. –í –Ω–∞—à–µ–º –∏–Ω—Ç–µ—Ä–Ω–µ—Ç-–º–∞–≥–∞–∑–∏–Ω–µ –ø—Ä–µ–¥—Å—Ç–∞–≤–ª–µ–Ω —à–∏—Ä–æ–∫–∏–π –≤—ã–±–æ—Ä –∏–∑—ã—Å–∫–∞–Ω–Ω—ã—Ö –ø–æ–¥–∞—Ä–∫–æ–≤, –∫–æ—Ç–æ—Ä—ã–µ –ø–æ–¥—á–µ—Ä–∫–Ω—É—Ç –≤–∞—à–µ –≤–æ—Å—Ö–∏—â–µ–Ω–∏–µ –∏ —É–≤–∞–∂–µ–Ω–∏–µ –∫ –º—É–∂–µ—Å—Ç–≤—É –∏ –æ—Ç–≤–∞–≥–µ. –î–æ—Å—Ç–∞–≤–∫–∞ –ø–æ –ú–æ—Å–∫–≤–µ –∏ –†–æ—Å—Å–∏–∏ üéñÔ∏è‚ú®!"
/filter/komu-is-zhenshchine-or-babushke/apply/,–ü–æ–¥–∞—Ä–æ–∫ –ñ–µ–Ω—â–∏–Ω–µ –ë–∞–±—É—à–∫–µ,–≠–ª–∏—Ç–Ω—ã–µ –ø–æ–¥–∞—Ä–∫–∏ –¥–ª—è –±–∞–±—É—à–∫–∏,–î–æ—Ä–æ–≥–∏–µ –ø–æ–¥–∞—Ä–∫–∏ –¥–ª—è –±–∞–±—É—à–∫–∏ | –≠–ª–∏—Ç–Ω—ã–µ –ü–æ–¥–∞—Ä–∫–∏,"–ü–æ–¥–∞—Ä–∏—Ç–µ –≤–∞—à–µ–π –±–∞–±—É—à–∫–µ –Ω–µ–∑–∞–±—ã–≤–∞–µ–º—ã–π –º–æ–º–µ–Ω—Ç –∏–∑—ã—Å–∫–∞–Ω–Ω–æ—Å—Ç–∏ —Å –Ω–∞—à–∏–º–∏ –¥–æ—Ä–æ–≥–∏–º–∏ –ø–æ–¥–∞—Ä–∫–∞–º–∏. –í –Ω–∞—à–µ–º –∏–Ω—Ç–µ—Ä–Ω–µ—Ç-–º–∞–≥–∞–∑–∏–Ω–µ –ø—Ä–µ–¥—Å—Ç–∞–≤–ª–µ–Ω —à–∏—Ä–æ–∫–∏–π –≤—ã–±–æ—Ä –ø–æ–¥–∞—Ä–∫–æ–≤, –∫–æ—Ç–æ—Ä—ã–µ –ø–æ–¥—á–µ—Ä–∫–Ω—É—Ç –≤–∞—à—É –ª—é–±–æ–≤—å –∏ –ø—Ä–∏–∑–Ω–∞—Ç–µ–ª—å–Ω–æ—Å—Ç—å –∫ –Ω–µ–π. –î–æ—Å—Ç–∞–≤–∫–∞ –ø–æ –ú–æ—Å–∫–≤–µ –∏ –†–æ—Å—Å–∏–∏ üå∑‚ú®!"
/filter/komu-is-korporativnye-or-na-60-let/apply/,–ü–æ–¥–∞—Ä–æ–∫ –ö–æ—Ä–ø–æ—Ä–∞—Ç–∏–≤–Ω—ã–µ –Ω–∞ 60 –ª–µ—Ç,–≠–ª–∏—Ç–Ω—ã–µ –ø–æ–¥–∞—Ä–∫–∏ –Ω–∞ –∫–æ—Ä–ø–æ—Ä–∞—Ç–∏–≤ –Ω–∞ 60 –ª–µ—Ç,–î–æ—Ä–æ–≥–∏–µ –ø–æ–¥–∞—Ä–∫–∏ –Ω–∞ –∫–æ—Ä–ø–æ—Ä–∞—Ç–∏–≤ –Ω–∞ 60 –ª–µ—Ç | –≠–ª–∏—Ç–Ω—ã–µ –ü–æ–¥–∞—Ä–∫–∏,"–ü–æ–¥–∞—Ä–∏—Ç–µ –Ω–µ–∑–∞–±—ã–≤–∞–µ–º—ã–µ –º–æ–º–µ–Ω—Ç—ã —é–±–∏–ª–µ—è —Å –Ω–∞—à–∏–º–∏ –∫–æ—Ä–ø–æ—Ä–∞—Ç–∏–≤–Ω—ã–º–∏ –ø–æ–¥–∞—Ä–∫–∞–º–∏ –Ω–∞ 60 –ª–µ—Ç. –í –Ω–∞—à–µ–º –∏–Ω—Ç–µ—Ä–Ω–µ—Ç-–º–∞–≥–∞–∑–∏–Ω–µ –ø—Ä–µ–¥—Å—Ç–∞–≤–ª–µ–Ω —à–∏—Ä–æ–∫–∏–π –≤—ã–±–æ—Ä –∏–∑—ã—Å–∫–∞–Ω–Ω—ã—Ö –ø–æ–¥–∞—Ä–∫–æ–≤, –∫–æ—Ç–æ—Ä—ã–µ –ø–æ–¥—á–µ—Ä–∫–Ω—É—Ç –≤–∞—à–µ —É–≤–∞–∂–µ–Ω–∏–µ –∏ –ø—Ä–∏–∑–Ω–∞—Ç–µ–ª—å–Ω–æ—Å—Ç—å –∫ —ç—Ç–æ–º—É –≤–∞–∂–Ω–æ–º—É —Å–æ–±—ã—Ç–∏—é –≤ –∂–∏–∑–Ω–∏ –≤–∞—à–µ–π –∫–æ–º–ø–∞–Ω–∏–∏. –î–æ—Å—Ç–∞–≤–∫–∞ –ø–æ –ú–æ—Å–∫–≤–µ –∏ –†–æ—Å—Å–∏–∏ üéâ‚ú®!"
/filter/tip_podarka-is-interernye/apply/,–ò–Ω—Ç–µ—Ä—å–µ—Ä–Ω—ã–µ –ø–æ–¥–∞—Ä–∫–∏,–≠–ª–∏—Ç–Ω—ã–µ –ø–æ–¥–∞—Ä–∫–∏ –¥–ª—è –∏–Ω—Ç–µ—Ä—å–µ—Ä–∞,–î–æ—Ä–æ–≥–∏–µ –ø–æ–¥–∞—Ä–∫–∏ –¥–ª—è –∏–Ω—Ç–µ—Ä—å–µ—Ä–∞ | –≠–ª–∏—Ç–Ω—ã–µ –ü–æ–¥–∞—Ä–∫–∏,"–ü–æ–¥–∞—Ä–∏—Ç–µ –Ω–µ–ø–æ–≤—Ç–æ—Ä–∏–º—ã–π —Å—Ç–∏–ª—å –≤–∞—à–µ–º—É –¥–æ–º—É —Å –Ω–∞—à–∏–º–∏ –¥–æ—Ä–æ–≥–∏–º–∏ –∏–Ω—Ç–µ—Ä—å–µ—Ä–Ω—ã–º–∏ –ø–æ–¥–∞—Ä–∫–∞–º–∏. –í –Ω–∞—à–µ–º –∏–Ω—Ç–µ—Ä–Ω–µ—Ç-–º–∞–≥–∞–∑–∏–Ω–µ –≤—ã –Ω–∞–π–¥–µ—Ç–µ —à–∏—Ä–æ–∫–∏–π –≤—ã–±–æ—Ä –∏–∑—ã—Å–∫–∞–Ω–Ω—ã—Ö –ø—Ä–µ–¥–º–µ—Ç–æ–≤, –∫–æ—Ç–æ—Ä—ã–µ –¥–æ–±–∞–≤—è—Ç —É—é—Ç –∏ —ç–ª–µ–≥–∞–Ω—Ç–Ω–æ—Å—Ç—å –≤–∞—à–µ–º—É –∏–Ω—Ç–µ—Ä—å–µ—Ä—É. –î–æ—Å—Ç–∞–≤–∫–∞ –ø–æ –ú–æ—Å–∫–≤–µ –∏ –†–æ—Å—Å–∏–∏ üè†‚ú®!"
/filter/professii-is-khokkeistu/apply/,–ü–æ–¥–∞—Ä–æ–∫ –•–æ–∫–∫–µ–∏—Å—Ç—É,–≠–ª–∏—Ç–Ω—ã–µ –ø–æ–¥–∞—Ä–∫–∏ –¥–ª—è —Ö–æ–∫–∫–µ–∏—Å—Ç–∞,–≠–∫—Å–∫–ª—é–∑–∏–≤–Ω—ã–µ –ø–æ–¥–∞—Ä–∫–∏ –¥–ª—è —Ö–æ–∫–∫–µ–∏—Å—Ç–∞ | –≠–ª–∏—Ç–Ω—ã–µ –ü–æ–¥–∞—Ä–∫–∏,"–ü–æ–¥–∞—Ä–∏—Ç–µ –Ω–µ–∑–∞–±—ã–≤–∞–µ–º—ã–µ –º–æ–º–µ–Ω—Ç—ã —Å –Ω–∞—à–∏–º–∏ —ç–∫—Å–∫–ª—é–∑–∏–≤–Ω—ã–º–∏ –ø–æ–¥–∞—Ä–∫–∞–º–∏ –¥–ª—è —Ö–æ–∫–∫–µ–∏—Å—Ç–∞. –í –Ω–∞—à–µ–º –∏–Ω—Ç–µ—Ä–Ω–µ—Ç-–º–∞–≥–∞–∑–∏–Ω–µ –≤—ã –Ω–∞–π–¥–µ—Ç–µ —à–∏—Ä–æ–∫–∏–π –≤—ã–±–æ—Ä –∏–∑—ã—Å–∫–∞–Ω–Ω—ã—Ö –ø–æ–¥–∞—Ä–∫–æ–≤, –∫–æ—Ç–æ—Ä—ã–µ –ø–æ–¥—á–µ—Ä–∫–Ω—É—Ç –≤–∞—à—É –ª—é–±–æ–≤—å –∫ —ç—Ç–æ–º—É –∑–∞—Ö–≤–∞—Ç—ã–≤–∞—é—â–µ–º—É –≤–∏–¥—É —Å–ø–æ—Ä—Ç–∞. –î–æ—Å—Ç–∞–≤–∫–∞ –ø–æ –ú–æ—Å–∫–≤–µ –∏ –†–æ—Å—Å–∏–∏ üèí‚ú®!"
/filter/komu-is-muzhchine-or-rybaku/apply/,–ü–æ–¥–∞—Ä–æ–∫ —Ä—ã–±–∞–∫—É,–≠–ª–∏—Ç–Ω—ã–µ –ø–æ–¥–∞—Ä–∫–∏ –¥–ª—è —Ä—ã–±–∞–∫–∞,–≠–ª–∏—Ç–Ω—ã–µ –ø–æ–¥–∞—Ä–∫–∏ –¥–ª—è —Ä—ã–±–∞–∫–∞ | –≠–ª–∏—Ç–Ω—ã–µ –ü–æ–¥–∞—Ä–∫–∏,"–ü–æ–¥–∞—Ä–∏—Ç–µ –Ω–µ–∑–∞–±—ã–≤–∞–µ–º—ã–µ –≤–ø–µ—á–∞—Ç–ª–µ–Ω–∏—è —Å –Ω–∞—à–∏–º–∏ —ç–ª–∏—Ç–Ω—ã–º–∏ –ø–æ–¥–∞—Ä–∫–∞–º–∏ –¥–ª—è —Ä—ã–±–∞–∫–∞. –í –Ω–∞—à–µ–º –∞—Å—Å–æ—Ä—Ç–∏–º–µ–Ω—Ç–µ –≤—ã –Ω–∞–π–¥–µ—Ç–µ —à–∏—Ä–æ–∫–∏–π –≤—ã–±–æ—Ä –∏–∑—ã—Å–∫–∞–Ω–Ω—ã—Ö –ø–æ–¥–∞—Ä–∫–æ–≤, –∫–æ—Ç–æ—Ä—ã–µ –ø–æ–¥—á–µ—Ä–∫–Ω—É—Ç –≤–∞—à–µ –≤–Ω–∏–º–∞–Ω–∏–µ –∫ –∏—Ö —Ö–æ–±–±–∏. –î–æ—Å—Ç–∞–≤–∫–∞ –ø–æ –ú–æ—Å–∫–≤–µ –∏ –†–æ—Å—Å–∏–∏ üé£‚ú®!"
/filter/professii-is-generalu/apply/,–ü–æ–¥–∞—Ä–æ–∫ –ì–µ–Ω–µ—Ä–∞–ª—É,–≠–ª–∏—Ç–Ω—ã–µ –ø–æ–¥–∞—Ä–∫–∏ –¥–ª—è –≥–µ–Ω–µ—Ä–∞–ª–∞ ,–≠–∫—Å–∫–ª—é–∑–∏–≤–Ω—ã–µ –ø–æ–¥–∞—Ä–∫–∏ –¥–ª—è –≥–µ–Ω–µ—Ä–∞–ª–∞ | –≠–ª–∏—Ç–Ω—ã–µ –ü–æ–¥–∞—Ä–∫–∏,"–ü–æ–¥–∞—Ä–∏—Ç–µ –≤—ã—Å–æ–∫—É—é –æ—Ü–µ–Ω–∫—É –∏ —É–≤–∞–∂–µ–Ω–∏–µ —Å –Ω–∞—à–∏–º–∏ —ç–∫—Å–∫–ª—é–∑–∏–≤–Ω—ã–º–∏ –ø–æ–¥–∞—Ä–∫–∞–º–∏ –¥–ª—è –≥–µ–Ω–µ—Ä–∞–ª–∞. –í –Ω–∞—à–µ–º –∞—Å—Å–æ—Ä—Ç–∏–º–µ–Ω—Ç–µ –ø—Ä–µ–¥—Å—Ç–∞–≤–ª–µ–Ω —à–∏—Ä–æ–∫–∏–π –≤—ã–±–æ—Ä –∏–∑—ã—Å–∫–∞–Ω–Ω—ã—Ö –ø–æ–¥–∞—Ä–∫–æ–≤, –∫–æ—Ç–æ—Ä—ã–µ –ø–æ–¥—á–µ—Ä–∫–Ω—É—Ç –≤–∞—à–µ –ø—Ä–∏–∑–Ω–∞—Ç–µ–ª—å–Ω–æ–µ –æ—Ç–Ω–æ—à–µ–Ω–∏–µ –∫ –∏—Ö —Å–ª—É–∂–±–µ –∏ –≤–∫–ª–∞–¥—É –≤ –æ–±—â–µ—Å—Ç–≤–µ–Ω–Ω—É—é –±–µ–∑–æ–ø–∞—Å–Ω–æ—Å—Ç—å. –î–æ—Å—Ç–∞–≤–∫–∞ –ø–æ –ú–æ—Å–∫–≤–µ –∏ –†–æ—Å—Å–∏–∏ üéñÔ∏è‚ú®!"
/filter/komu-is-korporativnye-or-na-30-let/apply/,–ü–æ–¥–∞—Ä–æ–∫ –ö–æ—Ä–ø–æ—Ä–∞—Ç–∏–≤–Ω—ã–µ –Ω–∞ 30 –ª–µ—Ç,–≠–ª–∏—Ç–Ω—ã–µ –ø–æ–¥–∞—Ä–∫–∏ –Ω–∞ 30 –ª–µ—Ç,–î–æ—Ä–æ–≥–∏–µ –∫–æ—Ä–ø–æ—Ä–∞—Ç–∏–≤–Ω—ã–µ –ø–æ–¥–∞—Ä–∫–∏ –Ω–∞ 30 –ª–µ—Ç | –≠–ª–∏—Ç–Ω—ã–µ –ü–æ–¥–∞—Ä–∫–∏,"–°–æ–∑–¥–∞–π—Ç–µ –Ω–µ–∑–∞–±—ã–≤–∞–µ–º—ã–π –º–æ–º–µ–Ω—Ç —Å –Ω–∞—à–∏–º–∏ —ç–ª–∏—Ç–Ω—ã–º–∏ –∫–æ—Ä–ø–æ—Ä–∞—Ç–∏–≤–Ω—ã–º–∏ –ø–æ–¥–∞—Ä–∫–∞–º–∏ –Ω–∞ 30 –ª–µ—Ç. –í –Ω–∞—à–µ–º –∞—Å—Å–æ—Ä—Ç–∏–º–µ–Ω—Ç–µ –≤—ã –Ω–∞–π–¥–µ—Ç–µ —ç–∫—Å–∫–ª—é–∑–∏–≤–Ω—ã–µ –∏ –∏–∑—ã—Å–∫–∞–Ω–Ω—ã–µ –ø–æ–¥–∞—Ä–∫–∏, –∫–æ—Ç–æ—Ä—ã–µ –ø–æ–¥—á–µ—Ä–∫–Ω—É—Ç –≤–∞–∂–Ω–æ—Å—Ç—å —ç—Ç–æ–≥–æ —é–±–∏–ª–µ—è. –î–æ—Å—Ç–∞–≤–∫–∞ –ø–æ –ú–æ—Å–∫–≤–µ –∏ –†–æ—Å—Å–∏–∏ üéâ‚ú®!"
/filter/komu-is-zhenshchine-or-sestre/apply/,–ü–æ–¥–∞—Ä–æ–∫ –ñ–µ–Ω—â–∏–Ω–µ –°–µ—Å—Ç—Ä–µ,–≠–ª–∏—Ç–Ω—ã–µ –ø–æ–¥–∞—Ä–∫–∏ –¥–ª—è —Å–µ—Å—Ç—Ä—ã,–≠–ª–∏—Ç–Ω—ã–µ –ø–æ–¥–∞—Ä–∫–∏ –¥–ª—è —Å–µ—Å—Ç—Ä—ã | –≠–ª–∏—Ç–Ω—ã–µ –ü–æ–¥–∞—Ä–∫–∏,"–ü–æ–¥–∞—Ä–∏—Ç–µ –≤–∞—à–µ–π —Å–µ—Å—Ç—Ä–µ –Ω–µ–ø–æ–≤—Ç–æ—Ä–∏–º—ã–µ –º–æ–º–µ–Ω—Ç—ã —Å –Ω–∞—à–∏–º–∏ —ç–ª–∏—Ç–Ω—ã–º–∏ –ø–æ–¥–∞—Ä–∫–∞–º–∏. –í –Ω–∞—à–µ–º –∞—Å—Å–æ—Ä—Ç–∏–º–µ–Ω—Ç–µ –≤—ã –Ω–∞–π–¥–µ—Ç–µ –∏–∑—ã—Å–∫–∞–Ω–Ω—ã–µ –∏ —Å—Ç–∏–ª—å–Ω—ã–µ –ø–æ–¥–∞—Ä–∫–∏, –∫–æ—Ç–æ—Ä—ã–µ –ø–æ–¥—á–µ—Ä–∫–Ω—É—Ç –≤–∞—à—É –ª—é–±–æ–≤—å –∏ —É–≤–∞–∂–µ–Ω–∏–µ –∫ –Ω–µ–π. –î–æ—Å—Ç–∞–≤–∫–∞ –ø–æ –ú–æ—Å–∫–≤–µ –∏ –†–æ—Å—Å–∏–∏ üéÅ‚ú®!"
/filter/komu-is-zhenshchine-or-druzyam/apply/,–ü–æ–¥–∞—Ä–æ–∫ –ñ–µ–Ω—â–∏–Ω–µ –î—Ä—É–∑—å—è–º,–≠–ª–∏—Ç–Ω—ã–µ –ø–æ–¥–∞—Ä–∫–∏ –¥–ª—è –ø–æ–¥—Ä—É–≥ ,–≠–ª–∏—Ç–Ω—ã–µ –ø–æ–¥–∞—Ä–∫–∏ –¥–ª—è –ø–æ–¥—Ä—É–≥ | –≠–ª–∏—Ç–Ω—ã–µ –ü–æ–¥–∞—Ä–∫–∏,"–ü–æ–¥–∞—Ä–∏—Ç–µ –≤–∞—à–∏–º –ø–æ–¥—Ä—É–≥–∞–º –Ω–µ–∑–∞–±—ã–≤–∞–µ–º—ã–µ –º–æ–º–µ–Ω—Ç—ã —Å –Ω–∞—à–∏–º–∏ —ç–ª–∏—Ç–Ω—ã–º–∏ –ø–æ–¥–∞—Ä–∫–∞–º–∏. –í –Ω–∞—à–µ–º –∞—Å—Å–æ—Ä—Ç–∏–º–µ–Ω—Ç–µ –≤—ã –Ω–∞–π–¥–µ—Ç–µ –∏–∑—ã—Å–∫–∞–Ω–Ω—ã–µ –∏ —Å—Ç–∏–ª—å–Ω—ã–µ –ø–æ–¥–∞—Ä–∫–∏, –∫–æ—Ç–æ—Ä—ã–µ –ø–æ–¥—á–µ—Ä–∫–Ω—É—Ç –≤–∞—à—É –¥—Ä—É–∂–±—É –∏ —Ü–µ–Ω–Ω–æ—Å—Ç—å –∫–∞–∂–¥–æ–≥–æ –º–æ–º–µ–Ω—Ç–∞ –≤–º–µ—Å—Ç–µ. –î–æ—Å—Ç–∞–≤–∫–∞ –ø–æ –ú–æ—Å–∫–≤–µ –∏ –†–æ—Å—Å–∏–∏ üéÅ‚ú®!"
/filter/komu-is-korporativnye-or-na-40-let/apply/,–ü–æ–¥–∞—Ä–æ–∫ –ö–æ—Ä–ø–æ—Ä–∞—Ç–∏–≤–Ω—ã–µ –Ω–∞ 40 –ª–µ—Ç,–≠–ª–∏—Ç–Ω—ã–µ –ø–æ–¥–∞—Ä–∫–∏ –Ω–∞ 40 –ª–µ—Ç,–≠–ª–∏—Ç–Ω—ã–µ –∫–æ—Ä–ø–æ—Ä–∞—Ç–∏–≤–Ω—ã–µ –ø–æ–¥–∞—Ä–∫–∏ –Ω–∞ 40 –ª–µ—Ç | –≠–ª–∏—Ç–Ω—ã–µ –ü–æ–¥–∞—Ä–∫–∏,"–ü–æ–¥–∞—Ä–∏—Ç–µ –Ω–µ–∑–∞–±—ã–≤–∞–µ–º—ã–µ –º–æ–º–µ–Ω—Ç—ã —É—Å–ø–µ—Ö–∞ —Å –Ω–∞—à–∏–º–∏ —ç–ª–∏—Ç–Ω—ã–º–∏ –∫–æ—Ä–ø–æ—Ä–∞—Ç–∏–≤–Ω—ã–º–∏ –ø–æ–¥–∞—Ä–∫–∞–º–∏ –Ω–∞ 40 –ª–µ—Ç. –í –Ω–∞—à–µ–º –∞—Å—Å–æ—Ä—Ç–∏–º–µ–Ω—Ç–µ –≤—ã –Ω–∞–π–¥–µ—Ç–µ –∏–∑—ã—Å–∫–∞–Ω–Ω—ã–µ –∏ —Å—Ç–∏–ª—å–Ω—ã–µ –ø–æ–¥–∞—Ä–∫–∏, –∫–æ—Ç–æ—Ä—ã–µ –ø–æ–¥—á–µ—Ä–∫–Ω—É—Ç –≤–∞–∂–Ω–æ—Å—Ç—å —ç—Ç–æ–≥–æ —é–±–∏–ª–µ—è –∏ –≤–∞—à–∏ –ø–æ–∑–¥—Ä–∞–≤–ª–µ–Ω–∏—è —Å –∫–æ–ª–ª–µ–≥–∞–º–∏. –î–æ—Å—Ç–∞–≤–∫–∞ –ø–æ –ú–æ—Å–∫–≤–µ –∏ –†–æ—Å—Å–∏–∏ üéâ‚ú®!"
/filter/tip_podarka-is-avtorskie/apply/,–ê–≤—Ç–æ—Ä—Å–∫–∏–µ –ø–æ–¥–∞—Ä–∫–∏,–≠–∫—Å–∫–ª—é–∑–∏–≤–Ω—ã–µ —ç–ª–∏—Ç–Ω—ã–µ –ø–æ–¥–∞—Ä–∫–∏,–≠–∫—Å–∫–ª—é–∑–∏–≤–Ω—ã–µ —ç–ª–∏—Ç–Ω—ã–µ –ø–æ–¥–∞—Ä–∫–∏ | –≠–ª–∏—Ç–Ω—ã–µ –ü–æ–¥–∞—Ä–∫–∏,"–ü–æ–¥–∞—Ä–∏—Ç–µ –Ω–µ–ø–æ–≤—Ç–æ—Ä–∏–º—ã–µ –º–æ–º–µ–Ω—Ç—ã —Å –Ω–∞—à–∏–º–∏ —É–Ω–∏–∫–∞–ª—å–Ω—ã–º–∏ –∞–≤—Ç–æ—Ä—Å–∫–∏–º–∏ –ø–æ–¥–∞—Ä–∫–∞–º–∏. –í –Ω–∞—à–µ–º –∞—Å—Å–æ—Ä—Ç–∏–º–µ–Ω—Ç–µ –≤—ã –Ω–∞–π–¥–µ—Ç–µ –∏–∑—ã—Å–∫–∞–Ω–Ω—ã–µ –∏ –æ—Ä–∏–≥–∏–Ω–∞–ª—å–Ω—ã–µ –ø–æ–¥–∞—Ä–∫–∏, —Å–æ–∑–¥–∞–Ω–Ω—ã–µ —Å –ª—é–±–æ–≤—å—é –∏ –≤–Ω–∏–º–∞–Ω–∏–µ–º –∫ –¥–µ—Ç–∞–ª—è–º. –î–æ—Å—Ç–∞–≤–∫–∞ –ø–æ –ú–æ—Å–∫–≤–µ –∏ –†–æ—Å—Å–∏–∏ üéÅ‚ú®!"
/filter/komu-is-korporativnye-or-na-50-let/apply/,–ü–æ–¥–∞—Ä–æ–∫ –ö–æ—Ä–ø–æ—Ä–∞—Ç–∏–≤–Ω—ã–µ –Ω–∞ 50 –ª–µ—Ç,–≠–ª–∏—Ç–Ω—ã–µ –ø–æ–¥–∞—Ä–∫–∏ –Ω–∞ 50 –ª–µ—Ç,–≠–ª–∏—Ç–Ω—ã–µ –∫–æ—Ä–ø–æ—Ä–∞—Ç–∏–≤–Ω—ã–µ –ø–æ–¥–∞—Ä–∫–∏ –Ω–∞ 50 –ª–µ—Ç | –≠–ª–∏—Ç–Ω—ã–µ –ü–æ–¥–∞—Ä–∫–∏,"–ü–æ–¥–∞—Ä–∏—Ç–µ –Ω–µ–∑–∞–±—ã–≤–∞–µ–º—ã–µ –º–æ–º–µ–Ω—Ç—ã —é–±–∏–ª–µ—è —Å –Ω–∞—à–∏–º–∏ —ç–ª–∏—Ç–Ω—ã–º–∏ –∫–æ—Ä–ø–æ—Ä–∞—Ç–∏–≤–Ω—ã–º–∏ –ø–æ–¥–∞—Ä–∫–∞–º–∏ –Ω–∞ 50 –ª–µ—Ç. –í –Ω–∞—à–µ–º –∞—Å—Å–æ—Ä—Ç–∏–º–µ–Ω—Ç–µ –≤—ã –Ω–∞–π–¥–µ—Ç–µ –∏–∑—ã—Å–∫–∞–Ω–Ω—ã–µ –∏ —Å—Ç–∏–ª—å–Ω—ã–µ –ø–æ–¥–∞—Ä–∫–∏, –∫–æ—Ç–æ—Ä—ã–µ –ø–æ–¥—á–µ—Ä–∫–Ω—É—Ç –≤–∞–∂–Ω–æ—Å—Ç—å —ç—Ç–æ–≥–æ —é–±–∏–ª–µ—è –∏ –≤–∞—à–µ —É–≤–∞–∂–µ–Ω–∏–µ –∫ –ø–æ–ª—É—á–∞—Ç–µ–ª—é. –î–æ—Å—Ç–∞–≤–∫–∞ –ø–æ –ú–æ—Å–∫–≤–µ –∏ –†–æ—Å—Å–∏–∏ üéâ‚ú®!"
/filter/tip_podarka-is-stilnye/apply/,–°—Ç–∏–ª—å–Ω—ã–µ –ø–æ–¥–∞—Ä–∫–∏,–≠–ª–∏—Ç–Ω—ã–µ –±–∏–∑–Ω–µ—Å –ø–æ–¥–∞—Ä–∫–∏,–≠–ª–∏—Ç–Ω—ã–µ –±–∏–∑–Ω–µ—Å –ø–æ–¥–∞—Ä–∫–∏ | –≠–ª–∏—Ç–Ω—ã–µ –ü–æ–¥–∞—Ä–∫–∏,"–ü–æ–¥–∞—Ä–∏—Ç–µ –Ω–µ–ø–æ–≤—Ç–æ—Ä–∏–º—ã–π —Å—Ç–∏–ª—å —Å –Ω–∞—à–∏–º–∏ —ç–ª–∏—Ç–Ω—ã–º–∏ –ø–æ–¥–∞—Ä–∫–∞–º–∏. –í –Ω–∞—à–µ–º –∞—Å—Å–æ—Ä—Ç–∏–º–µ–Ω—Ç–µ –≤—ã –Ω–∞–π–¥–µ—Ç–µ –∏–∑—ã—Å–∫–∞–Ω–Ω—ã–µ –∏ –º–æ–¥–Ω—ã–µ –ø–æ–¥–∞—Ä–∫–∏, –∫–æ—Ç–æ—Ä—ã–µ –ø–æ–¥—á–µ—Ä–∫–Ω—É—Ç –≤–∞—à—É –∏–Ω–¥–∏–≤–∏–¥—É–∞–ª—å–Ω–æ—Å—Ç—å –∏ —Ö–æ—Ä–æ—à–∏–π –≤–∫—É—Å. –î–æ—Å—Ç–∞–≤–∫–∞ –ø–æ –ú–æ—Å–∫–≤–µ –∏ –†–æ—Å—Å–∏–∏ üéÅ‚ú®!"
/filter/komu-is-muzhchine-or-drugu/apply/,–ü–æ–¥–∞—Ä–æ–∫ –¥—Ä—É–≥—É,–≠–ª–∏—Ç–Ω—ã–µ –ø–æ–¥–∞—Ä–∫–∏ –¥–ª—è –¥—Ä—É–≥–∞,–î–æ—Ä–æ–≥–∏–µ –ø–æ–¥–∞—Ä–∫–∏ –¥–ª—è –¥—Ä—É–≥–∞ | –≠–ª–∏—Ç–Ω—ã–µ –ü–æ–¥–∞—Ä–∫–∏,"–ü–æ–¥–∞—Ä–∏—Ç–µ –≤–∞—à–µ–º—É –¥—Ä—É–≥—É –Ω–µ–ø–æ–≤—Ç–æ—Ä–∏–º—ã–µ –º–æ–º–µ–Ω—Ç—ã —Å –Ω–∞—à–∏–º–∏ –¥–æ—Ä–æ–≥–∏–º–∏ –ø–æ–¥–∞—Ä–∫–∞–º–∏. –í –Ω–∞—à–µ–º –∞—Å—Å–æ—Ä—Ç–∏–º–µ–Ω—Ç–µ –≤—ã –Ω–∞–π–¥–µ—Ç–µ —ç–∫—Å–∫–ª—é–∑–∏–≤–Ω—ã–µ –∏ —Å—Ç–∏–ª—å–Ω—ã–µ –ø–æ–¥–∞—Ä–∫–∏, –∫–æ—Ç–æ—Ä—ã–µ –ø–æ–¥—á–µ—Ä–∫–Ω—É—Ç –≤–∞—à—É –¥—Ä—É–∂–±—É –∏ —Ü–µ–Ω–Ω–æ—Å—Ç—å –æ—Ç–Ω–æ—à–µ–Ω–∏–π. –î–æ—Å—Ç–∞–≤–∫–∞ –ø–æ –ú–æ—Å–∫–≤–µ –∏ –†–æ—Å—Å–∏–∏ üéÅ‚ú®!"
/filter/professii-is-sportsmenu/apply/,–ü–æ–¥–∞—Ä–æ–∫ –°–ø–æ—Ä—Ç—Å–º–µ–Ω—É,–≠–ª–∏—Ç–Ω—ã–µ –ø–æ–¥–∞—Ä–∫–∏ –¥–ª—è —Å–ø–æ—Ä—Ç—Å–º–µ–Ω–∞,–≠–∫—Å–∫–ª—é–∑–∏–≤–Ω—ã–µ –ø–æ–¥–∞—Ä–∫–∏ –¥–ª—è —Å–ø–æ—Ä—Ç—Å–º–µ–Ω–∞ | –≠–ª–∏—Ç–Ω—ã–µ –ü–æ–¥–∞—Ä–∫–∏,"–ü–æ–¥–∞—Ä–∏—Ç–µ –Ω–µ–ø–æ–≤—Ç–æ—Ä–∏–º—ã–π –æ–ø—ã—Ç —Ç—Ä–µ–Ω–∏—Ä–æ–≤–æ–∫ —Å –Ω–∞—à–∏–º–∏ —ç–∫—Å–∫–ª—é–∑–∏–≤–Ω—ã–º–∏ –ø–æ–¥–∞—Ä–∫–∞–º–∏ –¥–ª—è —Å–ø–æ—Ä—Ç—Å–º–µ–Ω–∞. –í –Ω–∞—à–µ–º –∞—Å—Å–æ—Ä—Ç–∏–º–µ–Ω—Ç–µ –ø—Ä–µ–¥—Å—Ç–∞–≤–ª–µ–Ω—ã –¥–æ—Ä–æ–≥–∏–µ –∏ —Ñ—É–Ω–∫—Ü–∏–æ–Ω–∞–ª—å–Ω—ã–µ –ø–æ–¥–∞—Ä–∫–∏, –∫–æ—Ç–æ—Ä—ã–µ –ø–æ–º–æ–≥—É—Ç –¥–æ—Å—Ç–∏—á—å –Ω–æ–≤—ã—Ö –≤—ã—Å–æ—Ç –≤ —Å–ø–æ—Ä—Ç–µ. –î–æ—Å—Ç–∞–≤–∫–∞ –ø–æ –ú–æ—Å–∫–≤–µ –∏ –†–æ—Å—Å–∏–∏ üéÅ‚ú®!"
/filter/professii-is-direktoru/apply/,–ü–æ–¥–∞—Ä–æ–∫ –î–∏—Ä–µ–∫—Ç–æ—Ä—É,–≠–ª–∏—Ç–Ω—ã–µ –ø–æ–¥–∞—Ä–∫–∏ –¥–ª—è –¥–∏—Ä–µ–∫—Ç–æ—Ä–∞,–≠–ª–∏—Ç–Ω—ã–µ –ø–æ–¥–∞—Ä–∫–∏ –¥–ª—è –¥–∏—Ä–µ–∫—Ç–æ—Ä–∞ | –≠–ª–∏—Ç–Ω—ã–µ –ü–æ–¥–∞—Ä–∫–∏,"–ü–æ–¥–∞—Ä–∏—Ç–µ –≤–∞—à–µ–º—É –¥–∏—Ä–µ–∫—Ç–æ—Ä—É –Ω–µ–∑–∞–±—ã–≤–∞–µ–º—ã–π –º–æ–º–µ–Ω—Ç —Å –Ω–∞—à–∏–º–∏ —ç–ª–∏—Ç–Ω—ã–º–∏ –ø–æ–¥–∞—Ä–∫–∞–º–∏. –í –Ω–∞—à–µ–º –∞—Å—Å–æ—Ä—Ç–∏–º–µ–Ω—Ç–µ –ø—Ä–µ–¥—Å—Ç–∞–≤–ª–µ–Ω—ã –∏–∑—ã—Å–∫–∞–Ω–Ω—ã–µ –∏ –ø—Ä–µ—Å—Ç–∏–∂–Ω—ã–µ –ø–æ–¥–∞—Ä–∫–∏, –∫–æ—Ç–æ—Ä—ã–µ –ø–æ–¥—á–µ—Ä–∫–Ω—É—Ç –≤–∞—à–µ —É–≤–∞–∂–µ–Ω–∏–µ –∫ –µ–≥–æ –ª–∏–¥–µ—Ä—Å—Ç–≤—É –∏ –¥–æ—Å—Ç–∏–∂–µ–Ω–∏—è–º. –î–æ—Å—Ç–∞–≤–∫–∞ –ø–æ –ú–æ—Å–∫–≤–µ –∏ –†–æ—Å—Å–∏–∏ üéÅ‚ú®!"
/filter/tip_podarka-is-simvolicheskie/apply/,–°–∏–º–≤–æ–ª–∏—á–µ—Å–∫–∏–µ –ø–æ–¥–∞—Ä–∫–∏,–≠–ª–∏—Ç–Ω—ã–µ —Å—É–≤–µ–Ω–∏—Ä—ã,–≠–ª–∏—Ç–Ω—ã–µ —Å—É–≤–µ–Ω–∏—Ä—ã | –≠–ª–∏—Ç–Ω—ã–µ –ü–æ–¥–∞—Ä–∫–∏,"–ü–æ–¥–∞—Ä–∏—Ç–µ —Å–∏–º–≤–æ–ª–∏—á–µ—Å–∫–∏–µ –∂–µ—Å—Ç—ã –≤–∞–∂–Ω–æ—Å—Ç–∏ —Å –Ω–∞—à–∏–º–∏ –ø–æ–¥–∞—Ä–∫–∞–º–∏. –í –Ω–∞—à–µ–º –∞—Å—Å–æ—Ä—Ç–∏–º–µ–Ω—Ç–µ –≤—ã –Ω–∞–π–¥–µ—Ç–µ –ø–æ–¥–∞—Ä–∫–∏, –∫–æ—Ç–æ—Ä—ã–µ —É–≤–∞–∂–∞—é—Ç —Ç—Ä–∞–¥–∏—Ü–∏–∏ –∏ —Ü–µ–Ω–Ω–æ—Å—Ç–∏, –æ—Ç—Ä–∞–∂–∞—é—â–∏–µ –≤–∞—à–µ –≤–Ω–∏–º–∞–Ω–∏–µ –∫ –¥–µ—Ç–∞–ª—è–º. –î–æ—Å—Ç–∞–≤–∫–∞ –ø–æ –ú–æ—Å–∫–≤–µ –∏ –†–æ—Å—Å–∏–∏ üéÅ‚ú®!"
/filter/komu-is-muzhchine-or-na-60-let/apply/,–ü–æ–¥–∞—Ä–æ–∫ –º—É–∂—á–∏–Ω–µ –Ω–∞ 60 –ª–µ—Ç,–≠–ª–∏—Ç–Ω—ã–µ –ø–æ–¥–∞—Ä–∫–∏ –Ω–∞ 60 –ª–µ—Ç,–≠–∫—Å–∫–ª—é–∑–∏–≤–Ω—ã–µ –ø–æ–¥–∞—Ä–∫–∏ –¥–ª—è –º—É–∂—á–∏–Ω—ã –Ω–∞ 60 –ª–µ—Ç | –≠–ª–∏—Ç–Ω—ã–µ –ü–æ–¥–∞—Ä–∫–∏,"–ü–æ–¥–∞—Ä–∏—Ç–µ –Ω–µ–∑–∞–±—ã–≤–∞–µ–º—ã–π —é–±–∏–ª–µ–π —Å –Ω–∞—à–∏–º–∏ —ç–∫—Å–∫–ª—é–∑–∏–≤–Ω—ã–º–∏ –ø–æ–¥–∞—Ä–∫–∞–º–∏ –¥–ª—è –º—É–∂—á–∏–Ω—ã –Ω–∞ 60 –ª–µ—Ç. –í –Ω–∞—à–µ–º –∞—Å—Å–æ—Ä—Ç–∏–º–µ–Ω—Ç–µ –ø—Ä–µ–¥—Å—Ç–∞–≤–ª–µ–Ω—ã —Å—Ç–∏–ª—å–Ω—ã–µ –∏ –∏–∑—ã—Å–∫–∞–Ω–Ω—ã–µ –ø–æ–¥–∞—Ä–∫–∏, –∫–æ—Ç–æ—Ä—ã–µ –ø–æ–¥—á–µ—Ä–∫–Ω—É—Ç –≤–∞—à–µ —É–≤–∞–∂–µ–Ω–∏–µ –∫ –µ–≥–æ –∂–∏–∑–Ω–µ–Ω–Ω–æ–º—É –æ–ø—ã—Ç—É –∏ –¥–æ—Å—Ç–∏–∂–µ–Ω–∏—è–º. –î–æ—Å—Ç–∞–≤–∫–∞ –ø–æ –ú–æ—Å–∫–≤–µ –∏ –†–æ—Å—Å–∏–∏ üéÅ‚ú®!"
/filter/professii-is-nachalniku/apply/,–ü–æ–¥–∞—Ä–æ–∫ –ù–∞—á–∞–ª—å–Ω–∏–∫—É,–≠–ª–∏—Ç–Ω—ã–µ –ø–æ–¥–∞—Ä–∫–∏ –¥–ª—è –Ω–∞—á–∞–ª—å–Ω–∏–∫–∞,–≠–ª–∏—Ç–Ω—ã–µ –ø–æ–¥–∞—Ä–∫–∏ –¥–ª—è –Ω–∞—á–∞–ª—å–Ω–∏–∫–∞ | –≠–ª–∏—Ç–Ω—ã–µ –ü–æ–¥–∞—Ä–∫–∏,"–ü–æ–¥–∞—Ä–∏—Ç–µ –≤–∞—à–µ–º—É –Ω–∞—á–∞–ª—å–Ω–∏–∫—É –Ω–µ–∑–∞–±—ã–≤–∞–µ–º—ã–µ –º–æ–º–µ–Ω—Ç—ã —Å –Ω–∞—à–∏–º–∏ —ç–ª–∏—Ç–Ω—ã–º–∏ –ø–æ–¥–∞—Ä–∫–∞–º–∏. –í –Ω–∞—à–µ–º –∞—Å—Å–æ—Ä—Ç–∏–º–µ–Ω—Ç–µ –ø—Ä–µ–¥—Å—Ç–∞–≤–ª–µ–Ω—ã –∏–∑—ã—Å–∫–∞–Ω–Ω—ã–µ –∏ –ø—Ä–µ—Å—Ç–∏–∂–Ω—ã–µ –ø–æ–¥–∞—Ä–∫–∏, –∫–æ—Ç–æ—Ä—ã–µ –ø–æ–¥—á–µ—Ä–∫–Ω—É—Ç –≤–∞—à–µ —É–≤–∞–∂–µ–Ω–∏–µ –∏ –ø—Ä–∏–∑–Ω–∞—Ç–µ–ª—å–Ω–æ—Å—Ç—å –∫ –µ–≥–æ –ª–∏–¥–µ—Ä—Å—Ç–≤—É –∏ –ø–æ–¥–¥–µ—Ä–∂–∫–µ. –î–æ—Å—Ç–∞–≤–∫–∞ –ø–æ –ú–æ—Å–∫–≤–µ –∏ –†–æ—Å—Å–∏–∏ üéÅ‚ú®!"
/filter/povod-is-den-rozhdeniya/apply/,–ü–æ–¥–∞—Ä–æ–∫ –Ω–∞ –î–µ–Ω—å —Ä–æ–∂–¥–µ–Ω–∏—è,–≠–ª–∏—Ç–Ω—ã–µ –ø–æ–¥–∞—Ä–∫–∏ –Ω–∞ –î–µ–Ω—å —Ä–æ–∂–¥–µ–Ω–∏—è,–î–æ—Ä–æ–≥–∏–µ –ø–æ–¥–∞—Ä–∫–∏ –Ω–∞ –î–µ–Ω—å —Ä–æ–∂–¥–µ–Ω–∏—è | –≠–ª–∏—Ç–Ω—ã–µ –ü–æ–¥–∞—Ä–∫–∏,"–ü–æ–¥–∞—Ä–∏—Ç–µ –Ω–µ–∑–∞–±—ã–≤–∞–µ–º—ã–µ –º–æ–º–µ–Ω—Ç—ã –ø—Ä–∞–∑–¥–Ω–∏–∫–∞ —Å –Ω–∞—à–∏–º–∏ —ç–ª–∏—Ç–Ω—ã–º–∏ –ø–æ–¥–∞—Ä–∫–∞–º–∏ –Ω–∞ –î–µ–Ω—å —Ä–æ–∂–¥–µ–Ω–∏—è. –í –Ω–∞—à–µ–º –∞—Å—Å–æ—Ä—Ç–∏–º–µ–Ω—Ç–µ –≤—ã –Ω–∞–π–¥–µ—Ç–µ –∏–∑—ã—Å–∫–∞–Ω–Ω—ã–µ –∏ —Å—Ç–∏–ª—å–Ω—ã–µ –ø–æ–¥–∞—Ä–∫–∏, –∫–æ—Ç–æ—Ä—ã–µ —Å–¥–µ–ª–∞—é—Ç —ç—Ç–æ—Ç –¥–µ–Ω—å –µ—â–µ –±–æ–ª–µ–µ –æ—Å–æ–±–µ–Ω–Ω—ã–º. –î–æ—Å—Ç–∞–≤–∫–∞ –ø–æ –ú–æ—Å–∫–≤–µ –∏ –†–æ—Å—Å–∏–∏ üéÇ‚ú®!"
/filter/tip_podarka-is-iz-yantarya/apply/,–ü–æ–¥–∞—Ä–∫–∏ –∏–∑ —è–Ω—Ç–∞—Ä—è,–≠–ª–∏—Ç–Ω—ã–µ –ø–æ–¥–∞—Ä–∫–∏ –∏–∑ —è–Ω—Ç–∞—Ä—è,–≠–∫—Å–∫–ª—é–∑–∏–≤–Ω—ã–µ –ø–æ–¥–∞—Ä–∫–∏ –∏–∑ —è–Ω—Ç–∞—Ä—è | –≠–ª–∏—Ç–Ω—ã–µ –ü–æ–¥–∞—Ä–∫–∏,"–ü–æ–¥–∞—Ä–∏—Ç–µ –Ω–µ–ø–æ–≤—Ç–æ—Ä–∏–º—É—é –∫—Ä–∞—Å–æ—Ç—É —Å –Ω–∞—à–∏–º–∏ —ç–ª–∏—Ç–Ω—ã–º–∏ –ø–æ–¥–∞—Ä–∫–∞–º–∏ –∏–∑ —è–Ω—Ç–∞—Ä—è. –í –Ω–∞—à–µ–º –∞—Å—Å–æ—Ä—Ç–∏–º–µ–Ω—Ç–µ –≤—ã –Ω–∞–π–¥–µ—Ç–µ –∏–∑—ã—Å–∫–∞–Ω–Ω—ã–µ –∏ —É–Ω–∏–∫–∞–ª—å–Ω—ã–µ —É–∫—Ä–∞—à–µ–Ω–∏—è –∏–∑ —ç—Ç–æ–≥–æ –¥—Ä–∞–≥–æ—Ü–µ–Ω–Ω–æ–≥–æ –∫–∞–º–Ω—è, –∫–æ—Ç–æ—Ä—ã–µ —Å—Ç–∞–Ω—É—Ç –ø—Ä–µ–∫—Ä–∞—Å–Ω—ã–º –ø–æ–¥–∞—Ä–∫–æ–º –¥–ª—è –ª—é–±–æ–≥–æ —Å–ª—É—á–∞—è. –î–æ—Å—Ç–∞–≤–∫–∞ –ø–æ –ú–æ—Å–∫–≤–µ –∏ –†–æ—Å—Å–∏–∏ üéÅ‚ú®!"
/filter/komu-is-muzhchine-or-na-30-let/apply/,–ü–æ–¥–∞—Ä–æ–∫ –º—É–∂—á–∏–Ω–µ –Ω–∞ 30 –ª–µ—Ç,–≠–ª–∏—Ç–Ω—ã–µ –ø–æ–¥–∞—Ä–∫–∏ –¥–ª—è –º—É–∂—á–∏–Ω—ã –Ω–∞ 30 –ª–µ—Ç,–î–æ—Ä–æ–≥–∏–µ –ø–æ–¥–∞—Ä–∫–∏ –¥–ª—è –º—É–∂—á–∏–Ω—ã –Ω–∞ 30 –ª–µ—Ç | –≠–ª–∏—Ç–Ω—ã–µ –ü–æ–¥–∞—Ä–∫–∏,"–ü–æ–¥–∞—Ä–∏—Ç–µ –Ω–µ–∑–∞–±—ã–≤–∞–µ–º—ã–π —é–±–∏–ª–µ–π —Å –Ω–∞—à–∏–º–∏ –¥–æ—Ä–æ–≥–∏–º–∏ –ø–æ–¥–∞—Ä–∫–∞–º–∏ –¥–ª—è –º—É–∂—á–∏–Ω—ã –Ω–∞ 30 –ª–µ—Ç. –í –Ω–∞—à–µ–º –∞—Å—Å–æ—Ä—Ç–∏–º–µ–Ω—Ç–µ –≤—ã –Ω–∞–π–¥–µ—Ç–µ –∏–∑—ã—Å–∫–∞–Ω–Ω—ã–µ –∏ —Å—Ç–∏–ª—å–Ω—ã–µ –ø–æ–¥–∞—Ä–∫–∏, –∫–æ—Ç–æ—Ä—ã–µ –ø–æ–¥—á–µ—Ä–∫–Ω—É—Ç –µ–≥–æ –≤–∞–∂–Ω—ã–π –∂–∏–∑–Ω–µ–Ω–Ω—ã–π —ç—Ç–∞–ø. –î–æ—Å—Ç–∞–≤–∫–∞ –ø–æ –ú–æ—Å–∫–≤–µ –∏ –†–æ—Å—Å–∏–∏ üéÅ‚ú®!"
/filter/professii-is-bukhgalteru/apply/,–ü–æ–¥–∞—Ä–æ–∫ –ë—É—Ö–≥–∞–ª—Ç–µ—Ä—É,–≠–ª–∏—Ç–Ω—ã–µ –ø–æ–¥–∞—Ä–∫–∏ –¥–ª—è –±—É—Ö–≥–∞–ª—Ç–µ—Ä–∞,–≠–ª–∏—Ç–Ω—ã–µ –ø–æ–¥–∞—Ä–∫–∏ –¥–ª—è –±—É—Ö–≥–∞–ª—Ç–µ—Ä–∞ | –≠–ª–∏—Ç–Ω—ã–µ –ü–æ–¥–∞—Ä–∫–∏,"–ü–æ–¥–∞—Ä–∏—Ç–µ –≤–∞—à–µ–º—É –±—É—Ö–≥–∞–ª—Ç–µ—Ä—É –Ω–µ–ø–æ–≤—Ç–æ—Ä–∏–º—ã–µ –º–æ–º–µ–Ω—Ç—ã —Å –Ω–∞—à–∏–º–∏ —ç–ª–∏—Ç–Ω—ã–º–∏ –ø–æ–¥–∞—Ä–∫–∞–º–∏. –í –Ω–∞—à–µ–º –∞—Å—Å–æ—Ä—Ç–∏–º–µ–Ω—Ç–µ –ø—Ä–µ–¥—Å—Ç–∞–≤–ª–µ–Ω—ã –∏–∑—ã—Å–∫–∞–Ω–Ω—ã–µ –∏ –ø—Ä–µ—Å—Ç–∏–∂–Ω—ã–µ –ø–æ–¥–∞—Ä–∫–∏, –∫–æ—Ç–æ—Ä—ã–µ –ø–æ–¥—á–µ—Ä–∫–Ω—É—Ç –≤–∞—à–µ —É–≤–∞–∂–µ–Ω–∏–µ –∫ –µ–≥–æ –ø—Ä–æ—Ñ–µ—Å—Å–∏–æ–Ω–∞–ª–∏–∑–º—É –∏ –≤–∫–ª–∞–¥—É –≤ —Ä–∞–±–æ—Ç—É. –î–æ—Å—Ç–∞–≤–∫–∞ –ø–æ –ú–æ—Å–∫–≤–µ –∏ –†–æ—Å—Å–∏–∏ üéÅ‚ú®!"
/filter/professii-is-letchiku/apply/,–ü–æ–¥–∞—Ä–æ–∫ –õ–µ—Ç—á–∏–∫—É,–≠–ª–∏—Ç–Ω—ã–µ –ø–æ–¥–∞—Ä–∫–∏ –¥–ª—è –ª–µ—Ç—á–∏–∫–∞,–≠–ª–∏—Ç–Ω—ã–µ –ø–æ–¥–∞—Ä–∫–∏ –¥–ª—è –ª–µ—Ç—á–∏–∫–∞ | –≠–ª–∏—Ç–Ω—ã–µ –ü–æ–¥–∞—Ä–∫–∏,"–ü–æ–¥–∞—Ä–∏—Ç–µ –Ω–µ–∑–∞–±—ã–≤–∞–µ–º—ã–µ –º–æ–º–µ–Ω—Ç—ã –ø–æ–ª–µ—Ç–æ–≤ —Å –Ω–∞—à–∏–º–∏ —ç–ª–∏—Ç–Ω—ã–º–∏ –ø–æ–¥–∞—Ä–∫–∞–º–∏ –¥–ª—è –ª–µ—Ç—á–∏–∫–∞. –í –Ω–∞—à–µ–º –∞—Å—Å–æ—Ä—Ç–∏–º–µ–Ω—Ç–µ –≤—ã –Ω–∞–π–¥–µ—Ç–µ –∏–∑—ã—Å–∫–∞–Ω–Ω—ã–µ –∏ —Å—Ç–∏–ª—å–Ω—ã–µ –ø–æ–¥–∞—Ä–∫–∏, –∫–æ—Ç–æ—Ä—ã–µ –ø–æ–¥—á–µ—Ä–∫–Ω—É—Ç –µ–≥–æ –ø—Ä–µ–¥–∞–Ω–Ω–æ—Å—Ç—å –∏ —Å—Ç—Ä–∞—Å—Ç—å –∫ –Ω–µ–±—É. –î–æ—Å—Ç–∞–≤–∫–∞ –ø–æ –ú–æ—Å–∫–≤–µ –∏ –†–æ—Å—Å–∏–∏ üéÅ‚ú®!"
/filter/komu-is-muzhchine-or-na-40-let/apply/,–ü–æ–¥–∞—Ä–æ–∫ –º—É–∂—á–∏–Ω–µ –Ω–∞ 40 –ª–µ—Ç,–≠–ª–∏—Ç–Ω—ã–µ –ø–æ–¥–∞—Ä–∫–∏ –¥–ª—è –º—É–∂—á–∏–Ω—ã –Ω–∞ 40 –ª–µ—Ç,–î–æ—Ä–æ–≥–∏–µ –ø–æ–¥–∞—Ä–∫–∏ –¥–ª—è –º—É–∂—á–∏–Ω—ã –Ω–∞ 40 –ª–µ—Ç | –≠–ª–∏—Ç–Ω—ã–µ –ü–æ–¥–∞—Ä–∫–∏,"–ü–æ–¥–∞—Ä–∏—Ç–µ –Ω–µ–∑–∞–±—ã–≤–∞–µ–º—ã–π —é–±–∏–ª–µ–π —Å –Ω–∞—à–∏–º–∏ –¥–æ—Ä–æ–≥–∏–º–∏ –ø–æ–¥–∞—Ä–∫–∞–º–∏ –¥–ª—è –º—É–∂—á–∏–Ω—ã –Ω–∞ 40 –ª–µ—Ç. –í –Ω–∞—à–µ–º –∞—Å—Å–æ—Ä—Ç–∏–º–µ–Ω—Ç–µ –≤—ã –Ω–∞–π–¥–µ—Ç–µ –∏–∑—ã—Å–∫–∞–Ω–Ω—ã–µ –∏ —Å—Ç–∏–ª—å–Ω—ã–µ –ø–æ–¥–∞—Ä–∫–∏, –∫–æ—Ç–æ—Ä—ã–µ –ø–æ–¥—á–µ—Ä–∫–Ω—É—Ç –µ–≥–æ –∂–∏–∑–Ω–µ–Ω–Ω—ã–π –æ–ø—ã—Ç –∏ –¥–æ—Å—Ç–∏–∂–µ–Ω–∏—è. –î–æ—Å—Ç–∞–≤–∫–∞ –ø–æ –ú–æ—Å–∫–≤–µ –∏ –†–æ—Å—Å–∏–∏ üéÅ‚ú®!"
/filter/tip_podarka-is-kollektsionnye/apply/,–ö–æ–ª–ª–µ–∫—Ü–∏–æ–Ω–Ω—ã–µ –ø–æ–¥–∞—Ä–∫–∏,–≠–ª–∏—Ç–Ω—ã–µ –∫–æ–ª–ª–µ–∫—Ü–∏–æ–Ω–Ω—ã–µ –ø–æ–¥–∞—Ä–∫–∏,–≠–ª–∏—Ç–Ω—ã–µ –∫–æ–ª–ª–µ–∫—Ü–∏–æ–Ω–Ω—ã–µ –ø–æ–¥–∞—Ä–∫–∏ | –≠–ª–∏—Ç–Ω—ã–µ –ü–æ–¥–∞—Ä–∫–∏,"–ü–æ–¥–∞—Ä–∏—Ç–µ —É–Ω–∏–∫–∞–ª—å–Ω—ã–µ –º–æ–º–µ–Ω—Ç—ã —Å –Ω–∞—à–∏–º–∏ —ç–ª–∏—Ç–Ω—ã–º–∏ –∫–æ–ª–ª–µ–∫—Ü–∏–æ–Ω–Ω—ã–º–∏ –ø–æ–¥–∞—Ä–∫–∞–º–∏. –í –Ω–∞—à–µ–º –∞—Å—Å–æ—Ä—Ç–∏–º–µ–Ω—Ç–µ –≤—ã –Ω–∞–π–¥–µ—Ç–µ –∏–∑—ã—Å–∫–∞–Ω–Ω—ã–µ –∏ —Ü–µ–Ω–Ω—ã–µ –ø—Ä–µ–¥–º–µ—Ç—ã, –∫–æ—Ç–æ—Ä—ã–µ —Å—Ç–∞–Ω—É—Ç –≤–µ–ª–∏–∫–æ–ª–µ–ø–Ω—ã–º –¥–æ–ø–æ–ª–Ω–µ–Ω–∏–µ–º –∫ –∫–æ–ª–ª–µ–∫—Ü–∏–∏. –î–æ—Å—Ç–∞–≤–∫–∞ –ø–æ –ú–æ—Å–∫–≤–µ –∏ –†–æ—Å—Å–∏–∏ üéÅ‚ú®!"
/filter/komu-is-muzhchine-or-na-50-let/apply/,–ü–æ–¥–∞—Ä–æ–∫ –º—É–∂—á–∏–Ω–µ –Ω–∞ 50 –ª–µ—Ç,–≠–ª–∏—Ç–Ω—ã–µ –ø–æ–¥–∞—Ä–∫–∏ –¥–ª—è –º—É–∂—á–∏–Ω—ã –Ω–∞ 50 –ª–µ—Ç,–î–æ—Ä–æ–≥–∏–µ –ø–æ–¥–∞—Ä–∫–∏ –¥–ª—è –º—É–∂—á–∏–Ω—ã –Ω–∞ 50 –ª–µ—Ç | –≠–ª–∏—Ç–Ω—ã–µ –ü–æ–¥–∞—Ä–∫–∏,"–ü–æ–¥–∞—Ä–∏—Ç–µ –Ω–µ–∑–∞–±—ã–≤–∞–µ–º—ã–π —é–±–∏–ª–µ–π —Å –Ω–∞—à–∏–º–∏ –¥–æ—Ä–æ–≥–∏–º–∏ –ø–æ–¥–∞—Ä–∫–∞–º–∏ –¥–ª—è –º—É–∂—á–∏–Ω—ã –Ω–∞ 50 –ª–µ—Ç. –í –Ω–∞—à–µ–º –∞—Å—Å–æ—Ä—Ç–∏–º–µ–Ω—Ç–µ –≤—ã –Ω–∞–π–¥–µ—Ç–µ –∏–∑—ã—Å–∫–∞–Ω–Ω—ã–µ –∏ —Å—Ç–∏–ª—å–Ω—ã–µ –ø–æ–¥–∞—Ä–∫–∏, –∫–æ—Ç–æ—Ä—ã–µ –ø–æ–¥—á–µ—Ä–∫–Ω—É—Ç –µ–≥–æ –∂–∏–∑–Ω–µ–Ω–Ω—ã–π –æ–ø—ã—Ç –∏ –¥–æ—Å—Ç–∏–∂–µ–Ω–∏—è. –î–æ—Å—Ç–∞–≤–∫–∞ –ø–æ –ú–æ—Å–∫–≤–µ –∏ –†–æ—Å—Å–∏–∏ üéÅ‚ú®!"
/filter/professii-is-advokatu/apply/,–ü–æ–¥–∞—Ä–æ–∫ –ê–¥–≤–æ–∫–∞—Ç—É,–≠–ª–∏—Ç–Ω—ã–µ –ø–æ–¥–∞—Ä–∫–∏ –¥–ª—è –∞–¥–≤–æ–∫–∞—Ç–∞,–≠–ª–∏—Ç–Ω—ã–µ –ø–æ–¥–∞—Ä–∫–∏ –¥–ª—è –∞–¥–≤–æ–∫–∞—Ç–∞ | –≠–ª–∏—Ç–Ω—ã–µ –ü–æ–¥–∞—Ä–∫–∏,"–ü–æ–¥–∞—Ä–∏—Ç–µ –≤–∞—à–µ–º—É –∞–¥–≤–æ–∫–∞—Ç—É –Ω–µ–∑–∞–±—ã–≤–∞–µ–º—ã–µ –º–æ–º–µ–Ω—Ç—ã —Å –Ω–∞—à–∏–º–∏ —ç–ª–∏—Ç–Ω—ã–º–∏ –ø–æ–¥–∞—Ä–∫–∞–º–∏. –í –Ω–∞—à–µ–º –∞—Å—Å–æ—Ä—Ç–∏–º–µ–Ω—Ç–µ –ø—Ä–µ–¥—Å—Ç–∞–≤–ª–µ–Ω—ã –∏–∑—ã—Å–∫–∞–Ω–Ω—ã–µ –∏ –ø—Ä–µ—Å—Ç–∏–∂–Ω—ã–µ –ø–æ–¥–∞—Ä–∫–∏, –∫–æ—Ç–æ—Ä—ã–µ –ø–æ–¥—á–µ—Ä–∫–Ω—É—Ç –≤–∞—à–µ —É–≤–∞–∂–µ–Ω–∏–µ –∫ –µ–≥–æ –ø—Ä–æ—Ñ–µ—Å—Å–∏–∏ –∏ –¥–æ—Å—Ç–∏–∂–µ–Ω–∏—è–º. –î–æ—Å—Ç–∞–≤–∫–∞ –ø–æ –ú–æ—Å–∫–≤–µ –∏ –†–æ—Å—Å–∏–∏ üéÅ‚ú®!"
/filter/komu-is-muzhchine-or-lyubimomu/apply/,–ü–æ–¥–∞—Ä–æ–∫ –ª—é–±–∏–º–æ–º—É –º—É–∂—á–∏–Ω–µ,–≠–ª–∏—Ç–Ω—ã–µ –ø–æ–¥–∞—Ä–∫–∏ –¥–ª—è –ª—é–±–∏–º–æ–≥–æ –º—É–∂—á–∏–Ω—ã,–≠–ª–∏—Ç–Ω—ã–µ –ø–æ–¥–∞—Ä–∫–∏ –¥–ª—è –ª—é–±–∏–º–æ–≥–æ –º—É–∂—á–∏–Ω—ã | –≠–ª–∏—Ç–Ω—ã–µ –ü–æ–¥–∞—Ä–∫–∏,"–ü–æ–¥–∞—Ä–∏—Ç–µ –Ω–µ–∑–∞–±—ã–≤–∞–µ–º—ã–µ –º–æ–º–µ–Ω—Ç—ã —Å –Ω–∞—à–∏–º–∏ —ç–ª–∏—Ç–Ω—ã–º–∏ –ø–æ–¥–∞—Ä–∫–∞–º–∏ –¥–ª—è –≤–∞—à–µ–≥–æ –ª—é–±–∏–º–æ–≥–æ –º—É–∂—á–∏–Ω—ã. –í –Ω–∞—à–µ–º –∞—Å—Å–æ—Ä—Ç–∏–º–µ–Ω—Ç–µ –≤—ã –Ω–∞–π–¥–µ—Ç–µ –∏–∑—ã—Å–∫–∞–Ω–Ω—ã–µ –∏ —Å—Ç–∏–ª—å–Ω—ã–µ –ø–æ–¥–∞—Ä–∫–∏, –∫–æ—Ç–æ—Ä—ã–µ –ø–æ–¥—á–µ—Ä–∫–Ω—É—Ç –≤–∞—à—É –ª—é–±–æ–≤—å –∏ —É–≤–∞–∂–µ–Ω–∏–µ –∫ –Ω–µ–º—É. –î–æ—Å—Ç–∞–≤–∫–∞ –ø–æ –ú–æ—Å–∫–≤–µ –∏ –†–æ—Å—Å–∏–∏ üéÅ‚ú®!"
/filter/komu-is-korporativnye-or-klientam/apply/,–ü–æ–¥–∞—Ä–æ–∫ –ö–æ—Ä–ø–æ—Ä–∞—Ç–∏–≤–Ω—ã–µ –ö–ª–∏–µ–Ω—Ç–∞–º,–≠–ª–∏—Ç–Ω—ã–µ –ø–æ–¥–∞—Ä–∫–∏ –¥–ª—è –∫–ª–∏–µ–Ω—Ç–æ–≤,–≠–ª–∏—Ç–Ω—ã–µ –∫–æ—Ä–ø–æ—Ä–∞—Ç–∏–≤–Ω—ã–µ –ø–æ–¥–∞—Ä–∫–∏ –¥–ª—è –∫–ª–∏–µ–Ω—Ç–æ–≤ | –≠–ª–∏—Ç–Ω—ã–µ –ü–æ–¥–∞—Ä–∫–∏,"–ü–æ–¥–∞—Ä–∏—Ç–µ –≤–∞—à–∏–º –∫–æ—Ä–ø–æ—Ä–∞—Ç–∏–≤–Ω—ã–º –∫–ª–∏–µ–Ω—Ç–∞–º –Ω–µ–∑–∞–±—ã–≤–∞–µ–º—ã–µ –º–æ–º–µ–Ω—Ç—ã —Å –Ω–∞—à–∏–º–∏ —ç–ª–∏—Ç–Ω—ã–º–∏ –∫–æ—Ä–ø–æ—Ä–∞—Ç–∏–≤–Ω—ã–º–∏ –ø–æ–¥–∞—Ä–∫–∞–º–∏. –í –Ω–∞—à–µ–º –∞—Å—Å–æ—Ä—Ç–∏–º–µ–Ω—Ç–µ –ø—Ä–µ–¥—Å—Ç–∞–≤–ª–µ–Ω—ã –∏–∑—ã—Å–∫–∞–Ω–Ω—ã–µ –∏ —Å—Ç–∏–ª—å–Ω—ã–µ –ø–æ–¥–∞—Ä–∫–∏, –∫–æ—Ç–æ—Ä—ã–µ –ø–æ–¥—á–µ—Ä–∫–Ω—É—Ç –≤–∞—à–µ –ø—Ä–∏–∑–Ω–∞—Ç–µ–ª—å–Ω–æ—Å—Ç—å –∏ —Ü–µ–Ω–Ω–æ—Å—Ç—å –≤–∞—à–µ–≥–æ –ø–∞—Ä—Ç–Ω–µ—Ä—Å—Ç–≤–∞. –î–æ—Å—Ç–∞–≤–∫–∞ –ø–æ –ú–æ—Å–∫–≤–µ –∏ –†–æ—Å—Å–∏–∏ üéÅ‚ú®!"
/filter/komu-is-muzhchine-or-kollege/apply/,–ü–æ–¥–∞—Ä–æ–∫ –∫–æ–ª–ª–µ–≥–µ-–º—É–∂—á–∏–Ω–µ,–≠–ª–∏—Ç–Ω—ã–µ –ø–æ–¥–∞—Ä–∫–∏ –¥–ª—è –∫–æ–ª–ª–µ–≥–∏-–º—É–∂—á–∏–Ω—ã,–î–æ—Ä–æ–≥–∏–µ –ø–æ–¥–∞—Ä–∫–∏ –¥–ª—è –∫–æ–ª–ª–µ–≥–∏-–º—É–∂—á–∏–Ω—ã | –≠–ª–∏—Ç–Ω—ã–µ –ü–æ–¥–∞—Ä–∫–∏,"–ü–æ–¥–∞—Ä–∏—Ç–µ –Ω–µ–∑–∞–±—ã–≤–∞–µ–º—ã–µ –º–æ–º–µ–Ω—Ç—ã —Å –Ω–∞—à–∏–º–∏ –¥–æ—Ä–æ–≥–∏–º–∏ –ø–æ–¥–∞—Ä–∫–∞–º–∏ –¥–ª—è –≤–∞—à–µ–≥–æ –∫–æ–ª–ª–µ–≥–∏-–º—É–∂—á–∏–Ω—ã. –í –Ω–∞—à–µ–º –∞—Å—Å–æ—Ä—Ç–∏–º–µ–Ω—Ç–µ –≤—ã –Ω–∞–π–¥–µ—Ç–µ –∏–∑—ã—Å–∫–∞–Ω–Ω—ã–µ –∏ —Å—Ç–∏–ª—å–Ω—ã–µ –ø–æ–¥–∞—Ä–∫–∏, –∫–æ—Ç–æ—Ä—ã–µ –ø–æ–¥—á–µ—Ä–∫–Ω—É—Ç –≤–∞—à–µ —É–≤–∞–∂–µ–Ω–∏–µ –∏ —Ü–µ–Ω–Ω–æ—Å—Ç—å –æ—Ç–Ω–æ—à–µ–Ω–∏–π –≤ –∫–æ–º–∞–Ω–¥–µ. –î–æ—Å—Ç–∞–≤–∫–∞ –ø–æ –ú–æ—Å–∫–≤–µ –∏ –†–æ—Å—Å–∏–∏ üéÅ‚ú®!"
/filter/tip_podarka-is-ruchnaya-rabota/apply/,–ü–æ–¥–∞—Ä–∫–∏ —Ä—É—á–Ω–æ–π —Ä–∞–±–æ—Ç—ã,–≠–ª–∏—Ç–Ω—ã–µ –ø–æ–¥–∞—Ä–∫–∏ —Ä—É—á–Ω–æ–π —Ä–∞–±–æ—Ç—ã,–≠–ª–∏—Ç–Ω—ã–µ –ø–æ–¥–∞—Ä–∫–∏ —Ä—É—á–Ω–æ–π —Ä–∞–±–æ—Ç—ã | –≠–ª–∏—Ç–Ω—ã–µ –ü–æ–¥–∞—Ä–∫–∏,"–ü–æ–¥–∞—Ä–∏—Ç–µ —É–Ω–∏–∫–∞–ª—å–Ω—ã–µ –º–æ–º–µ–Ω—Ç—ã —Å –Ω–∞—à–∏–º–∏ —ç–ª–∏—Ç–Ω—ã–º–∏ –ø–æ–¥–∞—Ä–∫–∞–º–∏ —Ä—É—á–Ω–æ–π —Ä–∞–±–æ—Ç—ã. –í –Ω–∞—à–µ–º –∞—Å—Å–æ—Ä—Ç–∏–º–µ–Ω—Ç–µ –≤—ã –Ω–∞–π–¥–µ—Ç–µ –∏–∑—ã—Å–∫–∞–Ω–Ω—ã–µ –∏ –æ—Ä–∏–≥–∏–Ω–∞–ª—å–Ω—ã–µ –ø–æ–¥–∞—Ä–∫–∏, —Å–æ–∑–¥–∞–Ω–Ω—ã–µ —Å –ª—é–±–æ–≤—å—é –∏ —Ç–∞–ª–∞–Ω—Ç–æ–º, –∫–æ—Ç–æ—Ä—ã–µ —Å—Ç–∞–Ω—É—Ç –Ω–µ–∑–∞–±—ã–≤–∞–µ–º—ã–º —Å—é—Ä–ø—Ä–∏–∑–æ–º –¥–ª—è –ø–æ–ª—É—á–∞—Ç–µ–ª—è. –î–æ—Å—Ç–∞–≤–∫–∞ –ø–æ –ú–æ—Å–∫–≤–µ –∏ –†–æ—Å—Å–∏–∏ üéÅ‚ú®!"
/filter/komu-is-muzhchine-or-druzyam/apply/,–ü–æ–¥–∞—Ä–æ–∫ –¥—Ä—É–∑—å—è–º –º—É–∂—á–∏–Ω–∞–º,–≠–ª–∏—Ç–Ω—ã–µ –ø–æ–¥–∞—Ä–∫–∏ –¥–ª—è –¥—Ä—É–≥–∞,–≠–ª–∏—Ç–Ω—ã–µ –ø–æ–¥–∞—Ä–∫–∏ –¥–ª—è –¥—Ä—É–≥–∞ | –≠–ª–∏—Ç–Ω—ã–µ –ü–æ–¥–∞—Ä–∫–∏,"–ü–æ–¥–∞—Ä–∏—Ç–µ –Ω–µ–∑–∞–±—ã–≤–∞–µ–º—ã–µ –º–æ–º–µ–Ω—Ç—ã —Å –Ω–∞—à–∏–º–∏ —ç–ª–∏—Ç–Ω—ã–º–∏ –ø–æ–¥–∞—Ä–∫–∞–º–∏ –¥–ª—è –¥—Ä—É–≥–∞. –í –Ω–∞—à–µ–º –∞—Å—Å–æ—Ä—Ç–∏–º–µ–Ω—Ç–µ –≤—ã –Ω–∞–π–¥–µ—Ç–µ –∏–∑—ã—Å–∫–∞–Ω–Ω—ã–µ –∏ —Å—Ç–∏–ª—å–Ω—ã–µ –ø–æ–¥–∞—Ä–∫–∏, –∫–æ—Ç–æ—Ä—ã–µ –ø–æ–¥—á–µ—Ä–∫–Ω—É—Ç –≤–∞—à—É –¥—Ä—É–∂–±—É –∏ —Ü–µ–Ω–Ω–æ—Å—Ç—å –æ—Ç–Ω–æ—à–µ–Ω–∏–π. –î–æ—Å—Ç–∞–≤–∫–∞ –ø–æ –ú–æ—Å–∫–≤–µ –∏ –†–æ—Å—Å–∏–∏ üéÅ‚ú®!"
/filter/komu-is-korporativnye-or-partneram/apply/,–ü–æ–¥–∞—Ä–æ–∫ –ö–æ—Ä–ø–æ—Ä–∞—Ç–∏–≤–Ω—ã–µ –ü–∞—Ä—Ç–Ω–µ—Ä–∞–º,–≠–ª–∏—Ç–Ω—ã–µ –ø–æ–¥–∞—Ä–∫–∏ –¥–ª—è –∫–æ—Ä–ø–æ—Ä–∞—Ç–∏–≤–Ω—ã—Ö –ø–∞—Ä—Ç–Ω–µ—Ä–æ–≤,–≠–ª–∏—Ç–Ω—ã–µ –ø–æ–¥–∞—Ä–∫–∏ –¥–ª—è –∫–æ—Ä–ø–æ—Ä–∞—Ç–∏–≤–Ω—ã—Ö –ø–∞—Ä—Ç–Ω–µ—Ä–æ–≤ | –≠–ª–∏—Ç–Ω—ã–µ –ü–æ–¥–∞—Ä–∫–∏,"–ü–æ–¥–∞—Ä–∏—Ç–µ –Ω–µ–∑–∞–±—ã–≤–∞–µ–º—ã–µ –º–æ–º–µ–Ω—Ç—ã —Å –Ω–∞—à–∏–º–∏ —ç–ª–∏—Ç–Ω—ã–º–∏ –ø–æ–¥–∞—Ä–∫–∞–º–∏ –¥–ª—è –∫–æ—Ä–ø–æ—Ä–∞—Ç–∏–≤–Ω—ã—Ö –ø–∞—Ä—Ç–Ω–µ—Ä–æ–≤. –í –Ω–∞—à–µ–º –∞—Å—Å–æ—Ä—Ç–∏–º–µ–Ω—Ç–µ –≤—ã –Ω–∞–π–¥–µ—Ç–µ –∏–∑—ã—Å–∫–∞–Ω–Ω—ã–µ –∏ –ø—Ä–µ—Å—Ç–∏–∂–Ω—ã–µ –ø–æ–¥–∞—Ä–∫–∏, –∫–æ—Ç–æ—Ä—ã–µ –ø–æ–¥—á–µ—Ä–∫–Ω—É—Ç –≤–∞—à–µ —Å–æ—Ç—Ä—É–¥–Ω–∏—á–µ—Å—Ç–≤–æ –∏ —Ü–µ–Ω–Ω–æ—Å—Ç—å –≤–∞—à–µ–≥–æ –ø–∞—Ä—Ç–Ω–µ—Ä—Å—Ç–≤–∞. –î–æ—Å—Ç–∞–≤–∫–∞ –ø–æ –ú–æ—Å–∫–≤–µ –∏ –†–æ—Å—Å–∏–∏ üéÅ‚ú®!"
/filter/povod-is-krestiny/apply/,–ü–æ–¥–∞—Ä–æ–∫ –Ω–∞ –ö—Ä–µ—Å—Ç–∏–Ω—ã,–≠–ª–∏—Ç–Ω—ã–µ –ø–æ–¥–∞—Ä–∫–∏ –Ω–∞ –∫—Ä–µ—Å—Ç–∏–Ω—ã,–î–æ—Ä–æ–≥–æ–π –ø–æ–¥–∞—Ä–æ–∫ –Ω–∞ –∫—Ä–µ—Å—Ç–∏–Ω—ã | –≠–ª–∏—Ç–Ω—ã–µ –ü–æ–¥–∞—Ä–∫–∏,"–ü–æ–¥–∞—Ä–∏—Ç–µ –Ω–µ–∑–∞–±—ã–≤–∞–µ–º—ã–µ –º–æ–º–µ–Ω—Ç—ã —Å –Ω–∞—à–∏–º–∏ –¥–æ—Ä–æ–≥–∏–º–∏ –ø–æ–¥–∞—Ä–∫–∞–º–∏ –Ω–∞ –∫—Ä–µ—Å—Ç–∏–Ω—ã. –í –Ω–∞—à–µ–º –∞—Å—Å–æ—Ä—Ç–∏–º–µ–Ω—Ç–µ –≤—ã –Ω–∞–π–¥–µ—Ç–µ –∏–∑—ã—Å–∫–∞–Ω–Ω—ã–µ –∏ –æ—Ä–∏–≥–∏–Ω–∞–ª—å–Ω—ã–µ –ø–æ–¥–∞—Ä–∫–∏, –∫–æ—Ç–æ—Ä—ã–µ —Å—Ç–∞–Ω—É—Ç –≤–µ–ª–∏–∫–æ–ª–µ–ø–Ω—ã–º —Å–∏–º–≤–æ–ª–æ–º —ç—Ç–æ–≥–æ –æ—Å–æ–±–µ–Ω–Ω–æ–≥–æ —Å–æ–±—ã—Ç–∏—è. –î–æ—Å—Ç–∞–≤–∫–∞ –ø–æ –ú–æ—Å–∫–≤–µ –∏ –†–æ—Å—Å–∏–∏ üéÅ‚ú®!"
/filter/povod-is-yubiley/apply/,–ü–æ–¥–∞—Ä–æ–∫ –Ω–∞ –Æ–±–∏–ª–µ–π,–≠–ª–∏—Ç–Ω—ã–µ –ø–æ–¥–∞—Ä–∫–∏ –Ω–∞ —é–±–∏–ª–µ–π,–≠–ª–∏—Ç–Ω—ã–µ –ø–æ–¥–∞—Ä–∫–∏ –Ω–∞ —é–±–∏–ª–µ–π | –≠–ª–∏—Ç–Ω—ã–µ –ü–æ–¥–∞—Ä–∫–∏,"–ü–æ–¥–∞—Ä–∏—Ç–µ –Ω–µ–∑–∞–±—ã–≤–∞–µ–º—ã–π —é–±–∏–ª–µ–π —Å –Ω–∞—à–∏–º–∏ —ç–ª–∏—Ç–Ω—ã–º–∏ –ø–æ–¥–∞—Ä–∫–∞–º–∏. –í –Ω–∞—à–µ–º –∞—Å—Å–æ—Ä—Ç–∏–º–µ–Ω—Ç–µ –≤—ã –Ω–∞–π–¥–µ—Ç–µ –∏–∑—ã—Å–∫–∞–Ω–Ω—ã–µ –∏ —Å—Ç–∏–ª—å–Ω—ã–µ –ø–æ–¥–∞—Ä–∫–∏, –∫–æ—Ç–æ—Ä—ã–µ –ø–æ–¥—á–µ—Ä–∫–Ω—É—Ç –≤–∞–∂–Ω–æ—Å—Ç—å —ç—Ç–æ–≥–æ —Å–æ–±—ã—Ç–∏—è –∏ —É–≤–∞–∂–µ–Ω–∏–µ –∫ –ø–æ–ª—É—á–∞—Ç–µ–ª—é. –î–æ—Å—Ç–∞–≤–∫–∞ –ø–æ –ú–æ—Å–∫–≤–µ –∏ –†–æ—Å—Å–∏–∏ üéÅ‚ú®!"
/filter/komu-is-zhenshchine-or-na-50-let/apply/,–ü–æ–¥–∞—Ä–æ–∫ –ñ–µ–Ω—â–∏–Ω–µ –Ω–∞ 50 –ª–µ—Ç,–≠–ª–∏—Ç–Ω—ã–µ –ø–æ–¥–∞—Ä–∫–∏ –Ω–∞ 50 –ª–µ—Ç,–î–æ—Ä–æ–≥–∏–µ –ø–æ–¥–∞—Ä–∫–∏ –¥–ª—è –∂–µ–Ω—â–∏–Ω—ã –Ω–∞ 50 –ª–µ—Ç | –≠–ª–∏—Ç–Ω—ã–µ –ü–æ–¥–∞—Ä–∫–∏,"–ü–æ–¥–∞—Ä–∏—Ç–µ –Ω–µ–∑–∞–±—ã–≤–∞–µ–º—ã–π —é–±–∏–ª–µ–π —Å –Ω–∞—à–∏–º–∏ –¥–æ—Ä–æ–≥–∏–º–∏ –ø–æ–¥–∞—Ä–∫–∞–º–∏ –¥–ª—è –∂–µ–Ω—â–∏–Ω—ã –Ω–∞ 50 –ª–µ—Ç. –í –Ω–∞—à–µ–º –∞—Å—Å–æ—Ä—Ç–∏–º–µ–Ω—Ç–µ –≤—ã –Ω–∞–π–¥–µ—Ç–µ –∏–∑—ã—Å–∫–∞–Ω–Ω—ã–µ –∏ —Å—Ç–∏–ª—å–Ω—ã–µ –ø–æ–¥–∞—Ä–∫–∏, –∫–æ—Ç–æ—Ä—ã–µ –ø–æ–¥—á–µ—Ä–∫–Ω—É—Ç –µ–µ –∫—Ä–∞—Å–æ—Ç—É, —É—Ç–æ–Ω—á–µ–Ω–Ω–æ—Å—Ç—å –∏ –≤–∞–∂–Ω–æ—Å—Ç—å —ç—Ç–æ–≥–æ –º–æ–º–µ–Ω—Ç–∞. –î–æ—Å—Ç–∞–≤–∫–∞ –ø–æ –ú–æ—Å–∫–≤–µ –∏ –†–æ—Å—Å–∏–∏ üéÅ‚ú®!"
/filter/komu-is-muzhchine-or-bratu/apply/,–ü–æ–¥–∞—Ä–æ–∫ –±—Ä–∞—Ç—É,–≠–ª–∏—Ç–Ω—ã–µ –ø–æ–¥–∞—Ä–∫–∏ –¥–ª—è –±—Ä–∞—Ç–∞,–≠–ª–∏—Ç–Ω—ã–µ –ø–æ–¥–∞—Ä–∫–∏ –¥–ª—è –±—Ä–∞—Ç–∞ | –≠–ª–∏—Ç–Ω—ã–µ –ü–æ–¥–∞—Ä–∫–∏,"–ü–æ–¥–∞—Ä–∏—Ç–µ –Ω–µ–∑–∞–±—ã–≤–∞–µ–º—ã–µ –º–æ–º–µ–Ω—Ç—ã —Å –Ω–∞—à–∏–º–∏ —ç–ª–∏—Ç–Ω—ã–º–∏ –ø–æ–¥–∞—Ä–∫–∞–º–∏ –¥–ª—è –≤–∞—à–µ–≥–æ –±—Ä–∞—Ç–∞. –í –Ω–∞—à–µ–º –∞—Å—Å–æ—Ä—Ç–∏–º–µ–Ω—Ç–µ –≤—ã –Ω–∞–π–¥–µ—Ç–µ –∏–∑—ã—Å–∫–∞–Ω–Ω—ã–µ –∏ —Å—Ç–∏–ª—å–Ω—ã–µ –ø–æ–¥–∞—Ä–∫–∏, –∫–æ—Ç–æ—Ä—ã–µ –ø–æ–¥—á–µ—Ä–∫–Ω—É—Ç –≤–∞—à—É –¥—Ä—É–∂–±—É –∏ —Ü–µ–Ω–Ω–æ—Å—Ç—å –æ—Ç–Ω–æ—à–µ–Ω–∏–π. –î–æ—Å—Ç–∞–≤–∫–∞ –ø–æ –ú–æ—Å–∫–≤–µ –∏ –†–æ—Å—Å–∏–∏ üéÅ‚ú®!"
/filter/tip_podarka-is-iz-naturalnogo-kamnya/apply/,–ü–æ–¥–∞—Ä–∫–∏ –∏–∑ –Ω–∞—Ç—É—Ä–∞–ª—å–Ω–æ–≥–æ –∫–∞–º–Ω—è,–≠–ª–∏—Ç–Ω—ã–µ –ø–æ–¥–∞—Ä–∫–∏ –∏–∑ –Ω–∞—Ç—É—Ä–∞–ª—å–Ω–æ–≥–æ –∫–∞–º–Ω—è,–≠–ª–∏—Ç–Ω—ã–µ –ø–æ–¥–∞—Ä–∫–∏ –∏–∑ –Ω–∞—Ç—É—Ä–∞–ª—å–Ω–æ–≥–æ –∫–∞–º–Ω—è | –≠–ª–∏—Ç–Ω—ã–µ –ü–æ–¥–∞—Ä–∫–∏,"–ü–æ–¥–∞—Ä–∏—Ç–µ —É–Ω–∏–∫–∞–ª—å–Ω—ã–µ –º–æ–º–µ–Ω—Ç—ã —Å –Ω–∞—à–∏–º–∏ —ç–ª–∏—Ç–Ω—ã–º–∏ –ø–æ–¥–∞—Ä–∫–∞–º–∏ –∏–∑ –Ω–∞—Ç—É—Ä–∞–ª—å–Ω–æ–≥–æ –∫–∞–º–Ω—è. –í –Ω–∞—à–µ–º –∞—Å—Å–æ—Ä—Ç–∏–º–µ–Ω—Ç–µ –≤—ã –Ω–∞–π–¥–µ—Ç–µ –∏–∑—ã—Å–∫–∞–Ω–Ω—ã–µ –∏ –ø—Ä–æ—á–Ω—ã–µ –ø–æ–¥–∞—Ä–∫–∏, —Å–æ–∑–¥–∞–Ω–Ω—ã–µ –∏–∑ –∫–∞–º–Ω–µ–π –≤—ã—Å–æ—á–∞–π—à–µ–≥–æ –∫–∞—á–µ—Å—Ç–≤–∞. –î–æ—Å—Ç–∞–≤–∫–∞ –ø–æ –ú–æ—Å–∫–≤–µ –∏ –†–æ—Å—Å–∏–∏ üéÅ‚ú®!"
/filter/komu-is-zhenshchine-or-na-30-let/apply/,–ü–æ–¥–∞—Ä–æ–∫ –ñ–µ–Ω—â–∏–Ω–µ –Ω–∞ 30 –ª–µ—Ç,–≠–ª–∏—Ç–Ω—ã–µ –ø–æ–¥–∞—Ä–∫–∏ –¥–ª—è –∂–µ–Ω—â–∏–Ω—ã –Ω–∞ 30 –ª–µ—Ç ,–≠–ª–∏—Ç–Ω—ã–µ –ø–æ–¥–∞—Ä–∫–∏ –¥–ª—è –∂–µ–Ω—â–∏–Ω—ã –Ω–∞ 30 –ª–µ—Ç | –≠–ª–∏—Ç–Ω—ã–µ –ü–æ–¥–∞—Ä–∫–∏,"–ü–æ–¥–∞—Ä–∏—Ç–µ –Ω–µ–∑–∞–±—ã–≤–∞–µ–º—ã–π —é–±–∏–ª–µ–π —Å –Ω–∞—à–∏–º–∏ —ç–ª–∏—Ç–Ω—ã–º–∏ –ø–æ–¥–∞—Ä–∫–∞–º–∏ –¥–ª—è –∂–µ–Ω—â–∏–Ω—ã –Ω–∞ 30 –ª–µ—Ç. –í –Ω–∞—à–µ–º –∞—Å—Å–æ—Ä—Ç–∏–º–µ–Ω—Ç–µ –≤—ã –Ω–∞–π–¥–µ—Ç–µ –∏–∑—ã—Å–∫–∞–Ω–Ω—ã–µ –∏ —Å—Ç–∏–ª—å–Ω—ã–µ –ø–æ–¥–∞—Ä–∫–∏, –∫–æ—Ç–æ—Ä—ã–µ –ø–æ–¥—á–µ—Ä–∫–Ω—É—Ç –µ–µ –º–æ–ª–æ–¥–æ—Å—Ç—å –∏ –∫—Ä–∞—Å–æ—Ç—É. –î–æ—Å—Ç–∞–≤–∫–∞ –ø–æ –ú–æ—Å–∫–≤–µ –∏ –†–æ—Å—Å–∏–∏ üéÅ‚ú®!"
/filter/komu-is-zhenshchine-or-na-40-let/apply/,–ü–æ–¥–∞—Ä–æ–∫ –ñ–µ–Ω—â–∏–Ω–µ –Ω–∞ 40 –ª–µ—Ç,–≠–ª–∏—Ç–Ω—ã–µ –ø–æ–¥–∞—Ä–∫–∏ –¥–ª—è –∂–µ–Ω—â–∏–Ω—ã –Ω–∞ 40 –ª–µ—Ç,–≠–ª–∏—Ç–Ω—ã–µ –ø–æ–¥–∞—Ä–∫–∏ –¥–ª—è –∂–µ–Ω—â–∏–Ω—ã –Ω–∞ 40 –ª–µ—Ç | –≠–ª–∏—Ç–Ω—ã–µ –ü–æ–¥–∞—Ä–∫–∏,"–ü–æ–¥–∞—Ä–∏—Ç–µ –Ω–µ–∑–∞–±—ã–≤–∞–µ–º—ã–π —é–±–∏–ª–µ–π —Å –Ω–∞—à–∏–º–∏ —ç–ª–∏—Ç–Ω—ã–º–∏ –ø–æ–¥–∞—Ä–∫–∞–º–∏ –¥–ª—è –∂–µ–Ω—â–∏–Ω—ã –Ω–∞ 40 –ª–µ—Ç. –í –Ω–∞—à–µ–º –∞—Å—Å–æ—Ä—Ç–∏–º–µ–Ω—Ç–µ –≤—ã –Ω–∞–π–¥–µ—Ç–µ –∏–∑—ã—Å–∫–∞–Ω–Ω—ã–µ –∏ —Å—Ç–∏–ª—å–Ω—ã–µ –ø–æ–¥–∞—Ä–∫–∏, –∫–æ—Ç–æ—Ä—ã–µ –ø–æ–¥—á–µ—Ä–∫–Ω—É—Ç –µ–µ —É—Ç–æ–Ω—á–µ–Ω–Ω–æ—Å—Ç—å –∏ —Å—Ç–∞—Ç—É—Å. –î–æ—Å—Ç–∞–≤–∫–∞ –ø–æ –ú–æ—Å–∫–≤–µ –∏ –†–æ—Å—Å–∏–∏ üéÅ‚ú®!"
/filter/professii-is-akteru/apply/,–ü–æ–¥–∞—Ä–æ–∫ –ê–∫—Ç–µ—Ä—É,–≠–ª–∏—Ç–Ω—ã–µ –ø–æ–¥–∞—Ä–∫–∏ –¥–ª—è –∞–∫—Ç–µ—Ä–∞,–≠–ª–∏—Ç–Ω—ã–µ –ø–æ–¥–∞—Ä–∫–∏ –¥–ª—è –∞–∫—Ç–µ—Ä–∞ | –≠–ª–∏—Ç–Ω—ã–µ –ü–æ–¥–∞—Ä–∫–∏,"–ü–æ–¥–∞—Ä–∏—Ç–µ –Ω–µ–∑–∞–±—ã–≤–∞–µ–º—ã–µ –º–æ–º–µ–Ω—Ç—ã —Å –Ω–∞—à–∏–º–∏ —ç–ª–∏—Ç–Ω—ã–º–∏ –ø–æ–¥–∞—Ä–∫–∞–º–∏ –¥–ª—è –∞–∫—Ç–µ—Ä–∞. –í –Ω–∞—à–µ–º –∞—Å—Å–æ—Ä—Ç–∏–º–µ–Ω—Ç–µ –≤—ã –Ω–∞–π–¥–µ—Ç–µ –∏–∑—ã—Å–∫–∞–Ω–Ω—ã–µ –∏ —Å—Ç–∏–ª—å–Ω—ã–µ –ø–æ–¥–∞—Ä–∫–∏, –∫–æ—Ç–æ—Ä—ã–µ –ø–æ–¥—á–µ—Ä–∫–Ω—É—Ç –µ–≥–æ —Ç–≤–æ—Ä—á–µ—Å–∫–∏–π –¥—É—Ö –∏ –ø—Ä–æ—Ñ–µ—Å—Å–∏–æ–Ω–∞–ª–∏–∑–º. –î–æ—Å—Ç–∞–≤–∫–∞ –ø–æ –ú–æ—Å–∫–≤–µ –∏ –†–æ—Å—Å–∏–∏ üé≠üéÅ‚ú®!"
/filter/professii-is-svyashchenniku/apply/,–ü–æ–¥–∞—Ä–æ–∫ –°–≤—è—â–µ–Ω–Ω–∏–∫—É,–≠–ª–∏—Ç–Ω—ã–µ –ø–æ–¥–∞—Ä–∫–∏ –¥–ª—è —Å–≤—è—â–µ–Ω–Ω–∏–∫–∞,–≠–ª–∏—Ç–Ω—ã–µ –ø–æ–¥–∞—Ä–∫–∏ –¥–ª—è —Å–≤—è—â–µ–Ω–Ω–∏–∫–∞ | –≠–ª–∏—Ç–Ω—ã–µ –ü–æ–¥–∞—Ä–∫–∏,"–ü–æ–¥–∞—Ä–∏—Ç–µ –Ω–µ–∑–∞–±—ã–≤–∞–µ–º—ã–µ –º–æ–º–µ–Ω—Ç—ã —Å –Ω–∞—à–∏–º–∏ —ç–ª–∏—Ç–Ω—ã–º–∏ –ø–æ–¥–∞—Ä–∫–∞–º–∏ –¥–ª—è —Å–≤—è—â–µ–Ω–Ω–∏–∫–∞. –í –Ω–∞—à–µ–º –∞—Å—Å–æ—Ä—Ç–∏–º–µ–Ω—Ç–µ –≤—ã –Ω–∞–π–¥–µ—Ç–µ –∏–∑—ã—Å–∫–∞–Ω–Ω—ã–µ –∏ –ø—Ä–µ—Å—Ç–∏–∂–Ω—ã–µ –ø–æ–¥–∞—Ä–∫–∏, –∫–æ—Ç–æ—Ä—ã–µ –ø–æ–¥—á–µ—Ä–∫–Ω—É—Ç –≤–∞—à–µ —É–≤–∞–∂–µ–Ω–∏–µ –∏ –ø—Ä–∏–∑–Ω–∞—Ç–µ–ª—å–Ω–æ—Å—Ç—å –∫ –µ–≥–æ —Å–ª—É–∂–µ–Ω–∏—é. –î–æ—Å—Ç–∞–≤–∫–∞ –ø–æ –ú–æ—Å–∫–≤–µ –∏ –†–æ—Å—Å–∏–∏ ‚õ™üéÅ‚ú®!"
/filter/komu-is-korporativnye/apply/,–ü–æ–¥–∞—Ä–æ–∫ –ö–æ—Ä–ø–æ—Ä–∞—Ç–∏–≤–Ω—ã–µ,–≠–ª–∏—Ç–Ω—ã–µ –∫–æ—Ä–ø–æ—Ä–∞—Ç–∏–≤–Ω—ã–µ –ø–æ–¥–∞—Ä–∫–∏,–≠–ª–∏—Ç–Ω—ã–µ –∫–æ—Ä–ø–æ—Ä–∞—Ç–∏–≤–Ω—ã–µ –ø–æ–¥–∞—Ä–∫–∏ | –≠–ª–∏—Ç–Ω—ã–µ –ü–æ–¥–∞—Ä–∫–∏,"–ü–æ–¥–∞—Ä–∏—Ç–µ –Ω–µ–∑–∞–±—ã–≤–∞–µ–º—ã–µ –º–æ–º–µ–Ω—Ç—ã —Å –Ω–∞—à–∏–º–∏ —ç–ª–∏—Ç–Ω—ã–º–∏ –∫–æ—Ä–ø–æ—Ä–∞—Ç–∏–≤–Ω—ã–º–∏ –ø–æ–¥–∞—Ä–∫–∞–º–∏. –í –Ω–∞—à–µ–º –∞—Å—Å–æ—Ä—Ç–∏–º–µ–Ω—Ç–µ –≤—ã –Ω–∞–π–¥–µ—Ç–µ –∏–∑—ã—Å–∫–∞–Ω–Ω—ã–µ –∏ —Å—Ç–∏–ª—å–Ω—ã–µ –ø–æ–¥–∞—Ä–∫–∏, –∫–æ—Ç–æ—Ä—ã–µ –ø–æ–¥—á–µ—Ä–∫–Ω—É—Ç –≤–∞—à–µ —Ü–µ–Ω–Ω–æ–µ –æ—Ç–Ω–æ—à–µ–Ω–∏–µ –∫ –ø–∞—Ä—Ç–Ω–µ—Ä—Å—Ç–≤—É –∏ —Å–æ—Ç—Ä—É–¥–Ω–∏—á–µ—Å—Ç–≤—É. –î–æ—Å—Ç–∞–≤–∫–∞ –ø–æ –ú–æ—Å–∫–≤–µ –∏ –†–æ—Å—Å–∏–∏ üè¢üéÅ‚ú®!"
/filter/komu-is-zhenshchine-or-kollege/apply/,–ü–æ–¥–∞—Ä–æ–∫ –ñ–µ–Ω—â–∏–Ω–µ –ö–æ–ª–ª–µ–≥–µ,–≠–ª–∏—Ç–Ω—ã–µ –ø–æ–¥–∞—Ä–∫–∏ –¥–ª—è –∂–µ–Ω—â–∏–Ω—ã-–∫–æ–ª–ª–µ–≥–∏,–≠–ª–∏—Ç–Ω—ã–µ –ø–æ–¥–∞—Ä–∫–∏ –¥–ª—è –∂–µ–Ω—â–∏–Ω—ã-–∫–æ–ª–ª–µ–≥–∏ | –≠–ª–∏—Ç–Ω—ã–µ –ü–æ–¥–∞—Ä–∫–∏,"–ü–æ–¥–∞—Ä–∏—Ç–µ –Ω–µ–∑–∞–±—ã–≤–∞–µ–º—ã–µ –º–æ–º–µ–Ω—Ç—ã —Å –Ω–∞—à–∏–º–∏ —ç–ª–∏—Ç–Ω—ã–º–∏ –ø–æ–¥–∞—Ä–∫–∞–º–∏ –¥–ª—è –≤–∞—à–µ–π –∂–µ–Ω—â–∏–Ω—ã-–∫–æ–ª–ª–µ–≥–∏. –í –Ω–∞—à–µ–º –∞—Å—Å–æ—Ä—Ç–∏–º–µ–Ω—Ç–µ –≤—ã –Ω–∞–π–¥–µ—Ç–µ –∏–∑—ã—Å–∫–∞–Ω–Ω—ã–µ –∏ —Å—Ç–∏–ª—å–Ω—ã–µ –ø–æ–¥–∞—Ä–∫–∏, –∫–æ—Ç–æ—Ä—ã–µ –ø–æ–¥—á–µ—Ä–∫–Ω—É—Ç –≤–∞—à–µ —É–≤–∞–∂–µ–Ω–∏–µ –∏ –ø–æ–¥–¥–µ—Ä–∂–∫—É –∫ –µ–µ –ø—Ä–æ—Ñ–µ—Å—Å–∏–æ–Ω–∞–ª—å–Ω—ã–º –¥–æ—Å—Ç–∏–∂–µ–Ω–∏—è–º. –î–æ—Å—Ç–∞–≤–∫–∞ –ø–æ –ú–æ—Å–∫–≤–µ –∏ –†–æ—Å—Å–∏–∏ üíºüéÅ‚ú®!"
/filter/povod-is-novosele/apply/,–ü–æ–¥–∞—Ä–æ–∫ –Ω–∞ –ù–æ–≤–æ—Å–µ–ª—å–µ,–≠–ª–∏—Ç–Ω—ã–µ –ø–æ–¥–∞—Ä–∫–∏ –Ω–∞ –Ω–æ–≤–æ—Å–µ–ª—å–µ,–≠–ª–∏—Ç–Ω—ã–µ –ø–æ–¥–∞—Ä–∫–∏ –Ω–∞ –Ω–æ–≤–æ—Å–µ–ª—å–µ | –≠–ª–∏—Ç–Ω—ã–µ –ü–æ–¥–∞—Ä–∫–∏,"–ü–æ–¥–∞—Ä–∏—Ç–µ –Ω–µ–∑–∞–±—ã–≤–∞–µ–º—ã–µ –º–æ–º–µ–Ω—Ç—ã —Å –Ω–∞—à–∏–º–∏ —ç–ª–∏—Ç–Ω—ã–º–∏ –ø–æ–¥–∞—Ä–∫–∞–º–∏ –Ω–∞ –Ω–æ–≤–æ—Å–µ–ª—å–µ. –í –Ω–∞—à–µ–º –∞—Å—Å–æ—Ä—Ç–∏–º–µ–Ω—Ç–µ –≤—ã –Ω–∞–π–¥–µ—Ç–µ –∏–∑—ã—Å–∫–∞–Ω–Ω—ã–µ –∏ —Å—Ç–∏–ª—å–Ω—ã–µ –ø–æ–¥–∞—Ä–∫–∏, –∫–æ—Ç–æ—Ä—ã–µ —Å–¥–µ–ª–∞—é—Ç –Ω–æ–≤—ã–π –¥–æ–º –µ—â–µ —É—é—Ç–Ω–µ–µ –∏ –∫—Ä–∞—Å–∏–≤–µ–µ. –î–æ—Å—Ç–∞–≤–∫–∞ –ø–æ –ú–æ—Å–∫–≤–µ –∏ –†–æ—Å—Å–∏–∏ üè°üéÅ‚ú®!"
/filter/komu-is-zhenshchine-or-na-60-let/apply/,–ü–æ–¥–∞—Ä–æ–∫ –ñ–µ–Ω—â–∏–Ω–µ –Ω–∞ 60 –ª–µ—Ç,–≠–ª–∏—Ç–Ω—ã–µ –ø–æ–¥–∞—Ä–∫–∏ –¥–ª—è –∂–µ–Ω—â–∏–Ω—ã –Ω–∞ 60 –ª–µ—Ç,–≠–ª–∏—Ç–Ω—ã–µ –ø–æ–¥–∞—Ä–∫–∏ –¥–ª—è –∂–µ–Ω—â–∏–Ω—ã –Ω–∞ 60 –ª–µ—Ç | –≠–ª–∏—Ç–Ω—ã–µ –ü–æ–¥–∞—Ä–∫–∏,"–ü–æ–¥–∞—Ä–∏—Ç–µ –Ω–µ–∑–∞–±—ã–≤–∞–µ–º—ã–π —é–±–∏–ª–µ–π —Å –Ω–∞—à–∏–º–∏ —ç–ª–∏—Ç–Ω—ã–º–∏ –ø–æ–¥–∞—Ä–∫–∞–º–∏ –¥–ª—è –∂–µ–Ω—â–∏–Ω—ã –Ω–∞ 60 –ª–µ—Ç. –í –Ω–∞—à–µ–º –∞—Å—Å–æ—Ä—Ç–∏–º–µ–Ω—Ç–µ –≤—ã –Ω–∞–π–¥–µ—Ç–µ –∏–∑—ã—Å–∫–∞–Ω–Ω—ã–µ –∏ —Å—Ç–∏–ª—å–Ω—ã–µ –ø–æ–¥–∞—Ä–∫–∏, –∫–æ—Ç–æ—Ä—ã–µ –ø–æ–¥—á–µ—Ä–∫–Ω—É—Ç –µ–µ –∫—Ä–∞—Å–æ—Ç—É –∏ —É—Ç–æ–Ω—á–µ–Ω–Ω—ã–π –≤–∫—É—Å. –î–æ—Å—Ç–∞–≤–∫–∞ –ø–æ –ú–æ—Å–∫–≤–µ –∏ –†–æ—Å—Å–∏–∏ üéâüéÅ‚ú®!"
/filter/povod-is-svadba/apply/,–ü–æ–¥–∞—Ä–æ–∫ –Ω–∞ —Å–≤–∞–¥—å–±—É,–≠–ª–∏—Ç–Ω—ã–µ –ø–æ–¥–∞—Ä–∫–∏ –Ω–∞ —Å–≤–∞–¥—å–±—É,–≠–ª–∏—Ç–Ω—ã–µ –ø–æ–¥–∞—Ä–∫–∏ –Ω–∞ —Å–≤–∞–¥—å–±—É | –≠–ª–∏—Ç–Ω—ã–µ –ü–æ–¥–∞—Ä–∫–∏,"–ü–æ–¥–∞—Ä–∏—Ç–µ –Ω–µ–∑–∞–±—ã–≤–∞–µ–º—ã–µ –º–æ–º–µ–Ω—Ç—ã —Å –Ω–∞—à–∏–º–∏ —ç–ª–∏—Ç–Ω—ã–º–∏ –ø–æ–¥–∞—Ä–∫–∞–º–∏ –Ω–∞ —Å–≤–∞–¥—å–±—É. –í –Ω–∞—à–µ–º –∞—Å—Å–æ—Ä—Ç–∏–º–µ–Ω—Ç–µ –≤—ã –Ω–∞–π–¥–µ—Ç–µ –∏–∑—ã—Å–∫–∞–Ω–Ω—ã–µ –∏ —Ä–æ–º–∞–Ω—Ç–∏—á–Ω—ã–µ –ø–æ–¥–∞—Ä–∫–∏, –∫–æ—Ç–æ—Ä—ã–µ –∑–∞–ø–æ–º–Ω—è—Ç—Å—è –º–æ–ª–æ–¥–æ–∂–µ–Ω–∞–º –Ω–∞ –≤—Å—é –∂–∏–∑–Ω—å. –î–æ—Å—Ç–∞–≤–∫–∞ –ø–æ –ú–æ—Å–∫–≤–µ –∏ –†–æ—Å—Å–∏–∏ üííüéÅ‚ú®!"
/filter/komu-is-zhenshchine-or-shefu/apply/,–ü–æ–¥–∞—Ä–æ–∫ –ñ–µ–Ω—â–∏–Ω–µ –®–µ—Ñ—É,–≠–ª–∏—Ç–Ω—ã–µ –ø–æ–¥–∞—Ä–∫–∏ –¥–ª—è –∂–µ–Ω—â–∏–Ω—ã-—à–µ—Ñ–∞,–≠–ª–∏—Ç–Ω—ã–µ –ø–æ–¥–∞—Ä–∫–∏ –¥–ª—è –∂–µ–Ω—â–∏–Ω—ã-—à–µ—Ñ–∞ | –≠–ª–∏—Ç–Ω—ã–µ –ü–æ–¥–∞—Ä–∫–∏,"–ü–æ–¥–∞—Ä–∏—Ç–µ –Ω–µ–∑–∞–±—ã–≤–∞–µ–º—ã–µ –º–æ–º–µ–Ω—Ç—ã —Å –Ω–∞—à–∏–º–∏ —ç–ª–∏—Ç–Ω—ã–º–∏ –ø–æ–¥–∞—Ä–∫–∞–º–∏ –¥–ª—è –≤–∞—à–µ–π –∂–µ–Ω—â–∏–Ω—ã-—à–µ—Ñ–∞. –í –Ω–∞—à–µ–º –∞—Å—Å–æ—Ä—Ç–∏–º–µ–Ω—Ç–µ –≤—ã –Ω–∞–π–¥–µ—Ç–µ –∏–∑—ã—Å–∫–∞–Ω–Ω—ã–µ –∏ —Å—Ç–∏–ª—å–Ω—ã–µ –ø–æ–¥–∞—Ä–∫–∏, –∫–æ—Ç–æ—Ä—ã–µ –ø–æ–¥—á–µ—Ä–∫–Ω—É—Ç –≤–∞—à–µ —É–≤–∞–∂–µ–Ω–∏–µ –∏ –ø—Ä–∏–∑–Ω–∞—Ç–µ–ª—å–Ω–æ—Å—Ç—å –∫ –µ–µ –ª–∏–¥–µ—Ä—Å–∫–∏–º –∫–∞—á–µ—Å—Ç–≤–∞–º. –î–æ—Å—Ç–∞–≤–∫–∞ –ø–æ –ú–æ—Å–∫–≤–µ –∏ –†–æ—Å—Å–∏–∏ üíºüéÅ‚ú®!"
/filter/professii-is-yuristu/apply/,–ü–æ–¥–∞—Ä–æ–∫ –Æ—Ä–∏—Å—Ç—É,–≠–ª–∏—Ç–Ω—ã–µ –ø–æ–¥–∞—Ä–∫–∏ –¥–ª—è —é—Ä–∏—Å—Ç–∞,–≠–ª–∏—Ç–Ω—ã–µ –ø–æ–¥–∞—Ä–∫–∏ –¥–ª—è —é—Ä–∏—Å—Ç–∞ | –≠–ª–∏—Ç–Ω—ã–µ –ü–æ–¥–∞—Ä–∫–∏,"–ü–æ–¥–∞—Ä–∏—Ç–µ –Ω–µ–∑–∞–±—ã–≤–∞–µ–º—ã–µ –º–æ–º–µ–Ω—Ç—ã —Å –Ω–∞—à–∏–º–∏ —ç–ª–∏—Ç–Ω—ã–º–∏ –ø–æ–¥–∞—Ä–∫–∞–º–∏ –¥–ª—è —é—Ä–∏—Å—Ç–∞. –í –Ω–∞—à–µ–º –∞—Å—Å–æ—Ä—Ç–∏–º–µ–Ω—Ç–µ –≤—ã –Ω–∞–π–¥–µ—Ç–µ –∏–∑—ã—Å–∫–∞–Ω–Ω—ã–µ –∏ —Å—Ç–∏–ª—å–Ω—ã–µ –ø–æ–¥–∞—Ä–∫–∏, –∫–æ—Ç–æ—Ä—ã–µ –ø–æ–¥—á–µ—Ä–∫–Ω—É—Ç –µ–≥–æ –ø—Ä–æ—Ñ–µ—Å—Å–∏–æ–Ω–∞–ª–∏–∑–º –∏ –≤–∞–∂–Ω–æ—Å—Ç—å –µ–≥–æ —Ä–∞–±–æ—Ç—ã. –î–æ—Å—Ç–∞–≤–∫–∞ –ø–æ –ú–æ—Å–∫–≤–µ –∏ –†–æ—Å—Å–∏–∏ ‚öñÔ∏èüéÅ‚ú®!"
/filter/professii-is-voennomu/apply/,–ü–æ–¥–∞—Ä–æ–∫ –í–æ–µ–Ω–Ω–æ–º—É,–≠–ª–∏—Ç–Ω—ã–µ –ø–æ–¥–∞—Ä–∫–∏ –¥–ª—è –≤–æ–µ–Ω–Ω–æ–≥–æ,–≠–ª–∏—Ç–Ω—ã–µ –ø–æ–¥–∞—Ä–∫–∏ –¥–ª—è –≤–æ–µ–Ω–Ω–æ–≥–æ | –≠–ª–∏—Ç–Ω—ã–µ –ü–æ–¥–∞—Ä–∫–∏,"–ü–æ–¥–∞—Ä–∏—Ç–µ –Ω–µ–∑–∞–±—ã–≤–∞–µ–º—ã–µ –º–æ–º–µ–Ω—Ç—ã —Å –Ω–∞—à–∏–º–∏ —ç–ª–∏—Ç–Ω—ã–º–∏ –ø–æ–¥–∞—Ä–∫–∞–º–∏ –¥–ª—è –≤–æ–µ–Ω–Ω–æ–≥–æ. –í –Ω–∞—à–µ–º –∞—Å—Å–æ—Ä—Ç–∏–º–µ–Ω—Ç–µ –≤—ã –Ω–∞–π–¥–µ—Ç–µ –∏–∑—ã—Å–∫–∞–Ω–Ω—ã–µ –∏ –ø—Ä–∞–∫—Ç–∏—á–Ω—ã–µ –ø–æ–¥–∞—Ä–∫–∏, –∫–æ—Ç–æ—Ä—ã–µ –ø–æ–¥—á–µ—Ä–∫–Ω—É—Ç –µ–≥–æ –º—É–∂–µ—Å—Ç–≤–æ –∏ —Å–ª—É–∂–µ–Ω–∏–µ –†–æ–¥–∏–Ω–µ. –î–æ—Å—Ç–∞–≤–∫–∞ –ø–æ –ú–æ—Å–∫–≤–µ –∏ –†–æ—Å—Å–∏–∏ üéñÔ∏èüéÅ‚ú®!"
/filter/komu-is-muzhchine-or-dedushke/apply/,–ü–æ–¥–∞—Ä–æ–∫ –¥–µ–¥—É—à–∫–µ,–≠–ª–∏—Ç–Ω—ã–µ –ø–æ–¥–∞—Ä–∫–∏ –¥–ª—è –¥–µ–¥—É—à–∫–∏,–≠–ª–∏—Ç–Ω—ã–µ –ø–æ–¥–∞—Ä–∫–∏ –¥–ª—è –¥–µ–¥—É—à–∫–∏ | –≠–ª–∏—Ç–Ω—ã–µ –ü–æ–¥–∞—Ä–∫–∏,"–ü–æ–¥–∞—Ä–∏—Ç–µ –Ω–µ–∑–∞–±—ã–≤–∞–µ–º—ã–µ –º–æ–º–µ–Ω—Ç—ã —Å –Ω–∞—à–∏–º–∏ —ç–ª–∏—Ç–Ω—ã–º–∏ –ø–æ–¥–∞—Ä–∫–∞–º–∏ –¥–ª—è –≤–∞—à–µ–≥–æ –¥–µ–¥—É—à–∫–∏. –í –Ω–∞—à–µ–º –∞—Å—Å–æ—Ä—Ç–∏–º–µ–Ω—Ç–µ –≤—ã –Ω–∞–π–¥–µ—Ç–µ –∏–∑—ã—Å–∫–∞–Ω–Ω—ã–µ –∏ —É—é—Ç–Ω—ã–µ –ø–æ–¥–∞—Ä–∫–∏, –∫–æ—Ç–æ—Ä—ã–µ –ø–æ–¥—á–µ—Ä–∫–Ω—É—Ç –≤–∞—à—É –ª—é–±–æ–≤—å –∏ —É–≤–∞–∂–µ–Ω–∏–µ –∫ –Ω–µ–º—É. –î–æ—Å—Ç–∞–≤–∫–∞ –ø–æ –ú–æ—Å–∫–≤–µ –∏ –†–æ—Å—Å–∏–∏ üë¥üéÅ‚ú®!"
/filter/professii-is-artistu/apply/,–ü–æ–¥–∞—Ä–æ–∫ –ê—Ä—Ç–∏—Å—Ç—É,–≠–ª–∏—Ç–Ω—ã–µ –ø–æ–¥–∞—Ä–∫–∏ –¥–ª—è –∞—Ä—Ç–∏—Å—Ç–∞,–≠–ª–∏—Ç–Ω—ã–µ –ø–æ–¥–∞—Ä–∫–∏ –¥–ª—è –∞—Ä—Ç–∏—Å—Ç–∞ | –≠–ª–∏—Ç–Ω—ã–µ –ü–æ–¥–∞—Ä–∫–∏,"–ü–æ–¥–∞—Ä–∏—Ç–µ –Ω–µ–∑–∞–±—ã–≤–∞–µ–º—ã–µ –º–æ–º–µ–Ω—Ç—ã —Å –Ω–∞—à–∏–º–∏ —ç–ª–∏—Ç–Ω—ã–º–∏ –ø–æ–¥–∞—Ä–∫–∞–º–∏ –¥–ª—è –∞—Ä—Ç–∏—Å—Ç–∞. –í –Ω–∞—à–µ–º –∞—Å—Å–æ—Ä—Ç–∏–º–µ–Ω—Ç–µ –≤—ã –Ω–∞–π–¥–µ—Ç–µ –∏–∑—ã—Å–∫–∞–Ω–Ω—ã–µ –∏ —Ç–≤–æ—Ä—á–µ—Å–∫–∏–µ –ø–æ–¥–∞—Ä–∫–∏, –∫–æ—Ç–æ—Ä—ã–µ –ø–æ–¥—á–µ—Ä–∫–Ω—É—Ç –µ–≥–æ —Ç–∞–ª–∞–Ω—Ç –∏ –≤–¥–æ—Ö–Ω–æ–≤—è—Ç –Ω–∞ –Ω–æ–≤—ã–µ –≤—ã—Å—Ç—É–ø–ª–µ–Ω–∏—è. –î–æ—Å—Ç–∞–≤–∫–∞ –ø–æ –ú–æ—Å–∫–≤–µ –∏ –†–æ—Å—Å–∏–∏ üé≠üéÅ‚ú®!"
/filter/tip_podarka-is-religioznye/apply/,–†–µ–ª–∏–≥–∏–æ–∑–Ω—ã–µ –ø–æ–¥–∞—Ä–∫–∏,–≠–ª–∏—Ç–Ω—ã–µ —Ä–µ–ª–∏–≥–∏–æ–∑–Ω—ã–µ –ø–æ–¥–∞—Ä–∫–∏,–≠–ª–∏—Ç–Ω—ã–µ —Ä–µ–ª–∏–≥–∏–æ–∑–Ω—ã–µ –ø–æ–¥–∞—Ä–∫–∏ | –≠–ª–∏—Ç–Ω—ã–µ –ü–æ–¥–∞—Ä–∫–∏,"–ü–æ–¥–∞—Ä–∏—Ç–µ –Ω–µ–∑–∞–±—ã–≤–∞–µ–º—ã–µ –º–æ–º–µ–Ω—Ç—ã —Å –Ω–∞—à–∏–º–∏ —ç–ª–∏—Ç–Ω—ã–º–∏ —Ä–µ–ª–∏–≥–∏–æ–∑–Ω—ã–º–∏ –ø–æ–¥–∞—Ä–∫–∞–º–∏. –í –Ω–∞—à–µ–º –∞—Å—Å–æ—Ä—Ç–∏–º–µ–Ω—Ç–µ –≤—ã –Ω–∞–π–¥–µ—Ç–µ –∏–∑—ã—Å–∫–∞–Ω–Ω—ã–µ –∏ —Å–∏–º–≤–æ–ª–∏—á–Ω—ã–µ –ø–æ–¥–∞—Ä–∫–∏, –∫–æ—Ç–æ—Ä—ã–µ –ø–æ–¥—á–µ—Ä–∫–Ω—É—Ç –¥—É—Ö–æ–≤–Ω–æ—Å—Ç—å –∏ –≤–µ—Ä—É. –î–æ—Å—Ç–∞–≤–∫–∞ –ø–æ –ú–æ—Å–∫–≤–µ –∏ –†–æ—Å—Å–∏–∏ ‚õ™üéÅ‚ú®!"
/filter/professii-is-shakhmatistu/apply/,–ü–æ–¥–∞—Ä–æ–∫ –®–∞—Ö–º–∞—Ç–∏—Å—Ç—É,–≠–ª–∏—Ç–Ω—ã–µ –ø–æ–¥–∞—Ä–∫–∏ –¥–ª—è —à–∞—Ö–º–∞—Ç–∏—Å—Ç–∞,–≠–ª–∏—Ç–Ω—ã–π –ø–æ–¥–∞—Ä–æ–∫ –¥–ª—è —à–∞—Ö–º–∞—Ç–∏—Å—Ç–∞ | –≠–ª–∏—Ç–Ω—ã–µ –ü–æ–¥–∞—Ä–∫–∏,"–ü–æ–¥–∞—Ä–∏—Ç–µ –Ω–µ–∑–∞–±—ã–≤–∞–µ–º—ã–µ –º–æ–º–µ–Ω—Ç—ã —Å –Ω–∞—à–∏–º —ç–ª–∏—Ç–Ω—ã–º –ø–æ–¥–∞—Ä–∫–æ–º –¥–ª—è —à–∞—Ö–º–∞—Ç–∏—Å—Ç–∞. –í –Ω–∞—à–µ–º –∞—Å—Å–æ—Ä—Ç–∏–º–µ–Ω—Ç–µ –≤—ã –Ω–∞–π–¥–µ—Ç–µ –∏–∑—ã—Å–∫–∞–Ω–Ω—ã–µ –∏ —Å—Ç–∏–ª—å–Ω—ã–µ –ø–æ–¥–∞—Ä–∫–∏, –∫–æ—Ç–æ—Ä—ã–µ –ø–æ–¥—á–µ—Ä–∫–Ω—É—Ç –µ–≥–æ —Å—Ç—Ä–∞—Å—Ç—å –∫ –∏–≥—Ä–µ –∏ —É–≤–∞–∂–µ–Ω–∏–µ –∫ –µ–≥–æ —É–º–µ–Ω–∏—é. –î–æ—Å—Ç–∞–≤–∫–∞ –ø–æ –ú–æ—Å–∫–≤–µ –∏ –†–æ—Å—Å–∏–∏ ‚ôüÔ∏èüéÅ‚ú®!"
/filter/komu-is-muzhchine/apply/,–ü–æ–¥–∞—Ä–æ–∫ –¥—Ä—É–≥—É,–≠–ª–∏—Ç–Ω—ã–µ –ø–æ–¥–∞—Ä–∫–∏ –¥–ª—è –¥—Ä—É–≥–∞,–≠–ª–∏—Ç–Ω—ã–π –ø–æ–¥–∞—Ä–æ–∫ –¥–ª—è –¥—Ä—É–≥–∞ | –≠–ª–∏—Ç–Ω—ã–µ –ü–æ–¥–∞—Ä–∫–∏,"–ü–æ–¥–∞—Ä–∏—Ç–µ –Ω–µ–∑–∞–±—ã–≤–∞–µ–º—ã–µ –º–æ–º–µ–Ω—Ç—ã —Å –Ω–∞—à–∏–º —ç–ª–∏—Ç–Ω—ã–º –ø–æ–¥–∞—Ä–∫–æ–º –¥–ª—è –¥—Ä—É–≥–∞. –í –Ω–∞—à–µ–º –∞—Å—Å–æ—Ä—Ç–∏–º–µ–Ω—Ç–µ –≤—ã –Ω–∞–π–¥–µ—Ç–µ –∏–∑—ã—Å–∫–∞–Ω–Ω—ã–µ –∏ —Å—Ç–∏–ª—å–Ω—ã–µ –ø–æ–¥–∞—Ä–∫–∏, –∫–æ—Ç–æ—Ä—ã–µ –ø–æ–¥—á–µ—Ä–∫–Ω—É—Ç –≤–∞—à—É –¥—Ä—É–∂–±—É –∏ —Ü–µ–Ω–Ω–æ—Å—Ç—å –æ—Ç–Ω–æ—à–µ–Ω–∏–π. –î–æ—Å—Ç–∞–≤–∫–∞ –ø–æ –ú–æ—Å–∫–≤–µ –∏ –†–æ—Å—Å–∏–∏ üë¨üéÅ‚ú®!"
/filter/komu-is-zhenshchine-or-lyubimoy/apply/,–ü–æ–¥–∞—Ä–æ–∫ –ñ–µ–Ω—â–∏–Ω–µ –õ—é–±–∏–º–æ–π,–≠–ª–∏—Ç–Ω—ã–µ –ø–æ–¥–∞—Ä–∫–∏ –¥–ª—è –ª—é–±–∏–º–æ–π –∂–µ–Ω—â–∏–Ω—ã,–≠–ª–∏—Ç–Ω—ã–π –ø–æ–¥–∞—Ä–æ–∫ –¥–ª—è –ª—é–±–∏–º–æ–π –∂–µ–Ω—â–∏–Ω—ã | –≠–ª–∏—Ç–Ω—ã–µ –ü–æ–¥–∞—Ä–∫–∏,"–ü–æ–¥–∞—Ä–∏—Ç–µ –Ω–µ–∑–∞–±—ã–≤–∞–µ–º—ã–µ –º–æ–º–µ–Ω—Ç—ã —Å –Ω–∞—à–∏–º —ç–ª–∏—Ç–Ω—ã–º –ø–æ–¥–∞—Ä–∫–æ–º –¥–ª—è –≤–∞—à–µ–π –ª—é–±–∏–º–æ–π –∂–µ–Ω—â–∏–Ω—ã. –í –Ω–∞—à–µ–º –∞—Å—Å–æ—Ä—Ç–∏–º–µ–Ω—Ç–µ –≤—ã –Ω–∞–π–¥–µ—Ç–µ –∏–∑—ã—Å–∫–∞–Ω–Ω—ã–µ –∏ —Ä–æ–º–∞–Ω—Ç–∏—á–Ω—ã–µ –ø–æ–¥–∞—Ä–∫–∏, –∫–æ—Ç–æ—Ä—ã–µ –ø–æ–¥—á–µ—Ä–∫–Ω—É—Ç –≤–∞—à—É –ª—é–±–æ–≤—å –∏ —É–≤–∞–∂–µ–Ω–∏–µ –∫ –Ω–µ–π. –î–æ—Å—Ç–∞–≤–∫–∞ –ø–æ –ú–æ—Å–∫–≤–µ –∏ –†–æ—Å—Å–∏–∏ üíñüéÅ‚ú®!"
/filter/komu-is-pare-or-roditelyam/apply/,–ü–æ–¥–∞—Ä–æ–∫ –ü–∞—Ä–µ –†–æ–¥–∏—Ç–µ–ª—è–º,–≠–ª–∏—Ç–Ω—ã–µ –ø–æ–¥–∞—Ä–∫–∏ –¥–ª—è —Ä–æ–¥–∏—Ç–µ–ª–µ–π,–≠–ª–∏—Ç–Ω—ã–µ –ø–æ–¥–∞—Ä–∫–∏ –¥–ª—è —Ä–æ–¥–∏—Ç–µ–ª–µ–π | –≠–ª–∏—Ç–Ω—ã–µ –ü–æ–¥–∞—Ä–∫–∏,"–ü–æ–¥–∞—Ä–∏—Ç–µ –Ω–µ–∑–∞–±—ã–≤–∞–µ–º—ã–µ –º–æ–º–µ–Ω—Ç—ã —Å –Ω–∞—à–∏–º–∏ —ç–ª–∏—Ç–Ω—ã–º–∏ –ø–æ–¥–∞—Ä–∫–∞–º–∏ –¥–ª—è —Ä–æ–¥–∏—Ç–µ–ª–µ–π. –í –Ω–∞—à–µ–º –∞—Å—Å–æ—Ä—Ç–∏–º–µ–Ω—Ç–µ –≤—ã –Ω–∞–π–¥–µ—Ç–µ –∏–∑—ã—Å–∫–∞–Ω–Ω—ã–µ –∏ —Å—Ç–∏–ª—å–Ω—ã–µ –ø–æ–¥–∞—Ä–∫–∏, –∫–æ—Ç–æ—Ä—ã–µ –ø–æ–¥—á–µ—Ä–∫–Ω—É—Ç –≤–∞—à—É –±–ª–∞–≥–æ–¥–∞—Ä–Ω–æ—Å—Ç—å –∏ —É–≤–∞–∂–µ–Ω–∏–µ –∫ –≤–∞—à–∏–º —Ä–æ–¥–∏—Ç–µ–ª—è–º. –î–æ—Å—Ç–∞–≤–∫–∞ –ø–æ –ú–æ—Å–∫–≤–µ –∏ –†–æ—Å—Å–∏–∏ üë®‚Äçüë©‚Äçüëß‚Äçüë¶üéÅ‚ú®!"
/filter/povod-is-den-vdv/apply/,–ü–æ–¥–∞—Ä–æ–∫ –Ω–∞ –î–µ–Ω—å –í–î–í,–≠–ª–∏—Ç–Ω—ã–µ –ø–æ–¥–∞—Ä–∫–∏ –Ω–∞ –î–µ–Ω—å –í–î–í,–≠–ª–∏—Ç–Ω—ã–π –ø–æ–¥–∞—Ä–æ–∫ –Ω–∞ –î–µ–Ω—å –í–î–í | –≠–ª–∏—Ç–Ω—ã–µ –ü–æ–¥–∞—Ä–∫–∏,"–ü–æ–¥–∞—Ä–∏—Ç–µ –Ω–µ–∑–∞–±—ã–≤–∞–µ–º—ã–µ –º–æ–º–µ–Ω—Ç—ã —Å –Ω–∞—à–∏–º —ç–ª–∏—Ç–Ω—ã–º –ø–æ–¥–∞—Ä–∫–æ–º –Ω–∞ –î–µ–Ω—å –í–î–í. –í –Ω–∞—à–µ–º –∞—Å—Å–æ—Ä—Ç–∏–º–µ–Ω—Ç–µ –≤—ã –Ω–∞–π–¥–µ—Ç–µ –∏–∑—ã—Å–∫–∞–Ω–Ω—ã–µ –∏ –ø–∞—Ç—Ä–∏–æ—Ç–∏—á–Ω—ã–µ –ø–æ–¥–∞—Ä–∫–∏, –∫–æ—Ç–æ—Ä—ã–µ –ø–æ–¥—á–µ—Ä–∫–Ω—É—Ç –≤–∞—à–µ —É–≤–∞–∂–µ–Ω–∏–µ –∫ –≤–æ–µ–Ω–Ω–æ–π —Å–ª—É–∂–±–µ. –î–æ—Å—Ç–∞–≤–∫–∞ –ø–æ –ú–æ—Å–∫–≤–µ –∏ –†–æ—Å—Å–∏–∏ üéñÔ∏èüéÅ‚ú®!"
/filter/komu-is-muzhchine-or-okhotniku/apply/,–ü–æ–¥–∞—Ä–æ–∫ –æ—Ö–æ—Ç–Ω–∏–∫—É,–≠–ª–∏—Ç–Ω—ã–µ –ø–æ–¥–∞—Ä–∫–∏ –¥–ª—è –æ—Ö–æ—Ç–Ω–∏–∫–∞,–≠–ª–∏—Ç–Ω—ã–π –ø–æ–¥–∞—Ä–æ–∫ –¥–ª—è –æ—Ö–æ—Ç–Ω–∏–∫–∞ | –≠–ª–∏—Ç–Ω—ã–µ –ü–æ–¥–∞—Ä–∫–∏,"–ü–æ–¥–∞—Ä–∏—Ç–µ –Ω–µ–∑–∞–±—ã–≤–∞–µ–º—ã–µ –º–æ–º–µ–Ω—Ç—ã —Å –Ω–∞—à–∏–º —ç–ª–∏—Ç–Ω—ã–º –ø–æ–¥–∞—Ä–∫–æ–º –¥–ª—è –æ—Ö–æ—Ç–Ω–∏–∫–∞. –í –Ω–∞—à–µ–º –∞—Å—Å–æ—Ä—Ç–∏–º–µ–Ω—Ç–µ –≤—ã –Ω–∞–π–¥–µ—Ç–µ –∏–∑—ã—Å–∫–∞–Ω–Ω—ã–µ –∏ —Ñ—É–Ω–∫—Ü–∏–æ–Ω–∞–ª—å–Ω—ã–µ –ø–æ–¥–∞—Ä–∫–∏, –∫–æ—Ç–æ—Ä—ã–µ –ø–æ–¥—á–µ—Ä–∫–Ω—É—Ç –µ–≥–æ —Å—Ç—Ä–∞—Å—Ç—å –∫ –æ—Ö–æ—Ç–µ –∏ –ø—Ä–∏—Ä–æ–¥–µ. –î–æ—Å—Ç–∞–≤–∫–∞ –ø–æ –ú–æ—Å–∫–≤–µ –∏ –†–æ—Å—Å–∏–∏ ü¶åüéÅ‚ú®!"
/filter/povod-is-8-marta/apply/,–ü–æ–¥–∞—Ä–æ–∫ –Ω–∞ 8 –ú–∞—Ä—Ç–∞,–≠–ª–∏—Ç–Ω—ã–µ –ø–æ–¥–∞—Ä–∫–∏ –Ω–∞ 8 –ú–∞—Ä—Ç–∞,–≠–ª–∏—Ç–Ω—ã–µ –ø–æ–¥–∞—Ä–∫–∏ –Ω–∞ 8 –ú–∞—Ä—Ç–∞ | –≠–ª–∏—Ç–Ω—ã–µ –ü–æ–¥–∞—Ä–∫–∏,"–ü–æ–¥–∞—Ä–∏—Ç–µ –Ω–µ–∑–∞–±—ã–≤–∞–µ–º—ã–π 8 –ú–∞—Ä—Ç–∞ —Å –Ω–∞—à–∏–º–∏ —ç–ª–∏—Ç–Ω—ã–º–∏ –ø–æ–¥–∞—Ä–∫–∞–º–∏. –í –Ω–∞—à–µ–º –∞—Å—Å–æ—Ä—Ç–∏–º–µ–Ω—Ç–µ –≤—ã –Ω–∞–π–¥–µ—Ç–µ –∏–∑—ã—Å–∫–∞–Ω–Ω—ã–µ –∏ —Ä–æ—Å–∫–æ—à–Ω—ã–µ –ø–æ–¥–∞—Ä–∫–∏, –∫–æ—Ç–æ—Ä—ã–µ –ø–æ–¥—á–µ—Ä–∫–Ω—É—Ç –≤–∞—à—É –ª—é–±–æ–≤—å –∏ —É–≤–∞–∂–µ–Ω–∏–µ –∫ –æ—Å–æ–±–µ–Ω–Ω—ã–º –∂–µ–Ω—â–∏–Ω–∞–º –≤ –≤–∞—à–µ–π –∂–∏–∑–Ω–∏. –î–æ—Å—Ç–∞–≤–∫–∞ –ø–æ –ú–æ—Å–∫–≤–µ –∏ –†–æ—Å—Å–∏–∏ üíêüéÅ‚ú®!"
/filter/professii-is-avtomobilistu/apply/,–ü–æ–¥–∞—Ä–æ–∫ –ê–≤—Ç–æ–º–æ–±–∏–ª–∏—Å—Ç—É,–≠–ª–∏—Ç–Ω—ã–µ –ø–æ–¥–∞—Ä–∫–∏ –¥–ª—è –∞–≤—Ç–æ–º–æ–±–∏–ª–∏—Å—Ç–∞,–≠–ª–∏—Ç–Ω—ã–µ –ø–æ–¥–∞—Ä–∫–∏ –¥–ª—è –∞–≤—Ç–æ–º–æ–±–∏–ª–∏—Å—Ç–∞ | –≠–ª–∏—Ç–Ω—ã–µ –ü–æ–¥–∞—Ä–∫–∏,"–ü–æ–¥–∞—Ä–∏—Ç–µ –Ω–µ–∑–∞–±—ã–≤–∞–µ–º—ã–µ –º–æ–º–µ–Ω—Ç—ã —Å –Ω–∞—à–∏–º–∏ —ç–ª–∏—Ç–Ω—ã–º–∏ –ø–æ–¥–∞—Ä–∫–∞–º–∏ –¥–ª—è –∞–≤—Ç–æ–º–æ–±–∏–ª–∏—Å—Ç–∞. –í –Ω–∞—à–µ–º –∞—Å—Å–æ—Ä—Ç–∏–º–µ–Ω—Ç–µ –≤—ã –Ω–∞–π–¥–µ—Ç–µ –∏–∑—ã—Å–∫–∞–Ω–Ω—ã–µ –∏ –ø—Ä–∞–∫—Ç–∏—á–Ω—ã–µ –ø–æ–¥–∞—Ä–∫–∏, –∫–æ—Ç–æ—Ä—ã–µ –ø–æ–¥—á–µ—Ä–∫–Ω—É—Ç –µ–≥–æ —Å—Ç—Ä–∞—Å—Ç—å –∫ –∞–≤—Ç–æ–º–æ–±–∏–ª—è–º –∏ –ø—Ä–∏–∫–ª—é—á–µ–Ω–∏—è–º –Ω–∞ –¥–æ—Ä–æ–≥–µ. –î–æ—Å—Ç–∞–≤–∫–∞ –ø–æ –ú–æ—Å–∫–≤–µ –∏ –†–æ—Å—Å–∏–∏ üöóüéÅ‚ú®!"
/filter/tip_podarka-is-eksklyuzivnye/apply/,–≠–∫—Å–∫–ª—é–∑–∏–≤–Ω—ã–µ –ø–æ–¥–∞—Ä–∫–∏,–≠–∫—Å–∫–ª—é–∑–∏–≤–Ω—ã–µ —ç–ª–∏—Ç–Ω—ã–µ –ø–æ–¥–∞—Ä–∫–∏,–≠–∫—Å–∫–ª—é–∑–∏–≤–Ω—ã–µ —ç–ª–∏—Ç–Ω—ã–µ –ø–æ–¥–∞—Ä–∫–∏ | –≠–ª–∏—Ç–Ω—ã–µ –ü–æ–¥–∞—Ä–∫–∏,"–ü–æ–¥–∞—Ä–∏—Ç–µ –Ω–µ–ø–æ–≤—Ç–æ—Ä–∏–º—ã–µ –º–æ–º–µ–Ω—Ç—ã —Å –Ω–∞—à–∏–º–∏ —ç–∫—Å–∫–ª—é–∑–∏–≤–Ω—ã–º–∏ –ø–æ–¥–∞—Ä–∫–∞–º–∏. –í –Ω–∞—à–µ–º –∞—Å—Å–æ—Ä—Ç–∏–º–µ–Ω—Ç–µ –≤—ã –Ω–∞–π–¥–µ—Ç–µ –∏–∑—ã—Å–∫–∞–Ω–Ω—ã–µ –∏ —É–Ω–∏–∫–∞–ª—å–Ω—ã–µ –ø–æ–¥–∞—Ä–∫–∏, –∫–æ—Ç–æ—Ä—ã–µ –ø–æ–¥–∞—Ä—è—Ç —Ä–∞–¥–æ—Å—Ç—å –∏ –≤–æ—Å—Ö–∏—â–µ–Ω–∏–µ. –î–æ—Å—Ç–∞–≤–∫–∞ –ø–æ –ú–æ—Å–∫–≤–µ –∏ –†–æ—Å—Å–∏–∏ üéÅ‚ú®!"
/filter/tip_podarka-is-originalnye/apply/,–û—Ä–∏–≥–∏–Ω–∞–ª—å–Ω—ã–µ –ø–æ–¥–∞—Ä–∫–∏,–û—Ä–∏–≥–∏–Ω–∞–ª—å–Ω—ã–µ VIP –ø–æ–¥–∞—Ä–∫–∏,–û—Ä–∏–≥–∏–Ω–∞–ª—å–Ω—ã–µ VIP –ø–æ–¥–∞—Ä–∫–∏ | –≠–ª–∏—Ç–Ω—ã–µ –ü–æ–¥–∞—Ä–∫–∏,"–ü–æ–¥–∞—Ä–∏—Ç–µ –Ω–µ–∑–∞–±—ã–≤–∞–µ–º—ã–µ –º–æ–º–µ–Ω—Ç—ã —Å –Ω–∞—à–∏–º–∏ –æ—Ä–∏–≥–∏–Ω–∞–ª—å–Ω—ã–º–∏ –ø–æ–¥–∞—Ä–∫–∞–º–∏. –í –Ω–∞—à–µ–º –∞—Å—Å–æ—Ä—Ç–∏–º–µ–Ω—Ç–µ –≤—ã –Ω–∞–π–¥–µ—Ç–µ –∫—Ä–µ–∞—Ç–∏–≤–Ω—ã–µ –∏ —É–¥–∏–≤–∏—Ç–µ–ª—å–Ω—ã–µ –ø–æ–¥–∞—Ä–∫–∏, –∫–æ—Ç–æ—Ä—ã–µ –ø–æ—Ä–∞–∑—è—Ç –≤–æ–æ–±—Ä–∞–∂–µ–Ω–∏–µ –∏ –∑–∞–ø–æ–º–Ω—è—Ç—Å—è –Ω–∞–¥–æ–ª–≥–æ. –î–æ—Å—Ç–∞–≤–∫–∞ –ø–æ –ú–æ—Å–∫–≤–µ –∏ –†–æ—Å—Å–∏–∏ üéÅ‚ú®!"
/filter/povod-is-9-maya/apply/,–ü–æ–¥–∞—Ä–æ–∫ –Ω–∞ 9 –º–∞—è,–≠–∫—Å–∫–ª—é–∑–∏–≤–Ω—ã–µ –ø–æ–¥–∞—Ä–∫–∏ –∫ 9 –º–∞—è,–≠–∫—Å–∫–ª—é–∑–∏–≤–Ω—ã–µ –ø–æ–¥–∞—Ä–∫–∏ –∫ 9 –º–∞—è | –≠–ª–∏—Ç–Ω—ã–µ –ü–æ–¥–∞—Ä–∫–∏,"–ü–æ–¥–∞—Ä–∏—Ç–µ –Ω–µ–∑–∞–±—ã–≤–∞–µ–º—ã–π 9 –º–∞—è —Å –Ω–∞—à–∏–º–∏ —ç–ª–∏—Ç–Ω—ã–º–∏ –ø–æ–¥–∞—Ä–∫–∞–º–∏. –í –Ω–∞—à–µ–º –∞—Å—Å–æ—Ä—Ç–∏–º–µ–Ω—Ç–µ –≤—ã –Ω–∞–π–¥–µ—Ç–µ –∏–∑—ã—Å–∫–∞–Ω–Ω—ã–µ –∏ –ø–∞—Ç—Ä–∏–æ—Ç–∏—á–Ω—ã–µ –ø–æ–¥–∞—Ä–∫–∏, –∫–æ—Ç–æ—Ä—ã–µ –ø–æ–¥—á–µ—Ä–∫–Ω—É—Ç –≤–∞—à—É –ø–∞–º—è—Ç—å –∏ —É–≤–∞–∂–µ–Ω–∏–µ –∫ –≤–µ–ª–∏–∫–æ–º—É –ø–æ–¥–≤–∏–≥—É. –î–æ—Å—Ç–∞–≤–∫–∞ –ø–æ –ú–æ—Å–∫–≤–µ –∏ –†–æ—Å—Å–∏–∏ üéñÔ∏èüéÅ‚ú®!"
/filter/tip_podarka-is-alkogolnye/apply/,–ê–ª–∫–æ–≥–æ–ª—å–Ω—ã–µ –ø–æ–¥–∞—Ä–∫–∏,–≠–ª–∏—Ç–Ω—ã–µ –∞–ª–∫–æ–≥–æ–ª—å–Ω—ã–µ –ø–æ–¥–∞—Ä–∫–∏,–≠–ª–∏—Ç–Ω—ã–µ –∞–ª–∫–æ–≥–æ–ª—å–Ω—ã–µ –ø–æ–¥–∞—Ä–∫–∏ | –≠–ª–∏—Ç–Ω—ã–µ –ü–æ–¥–∞—Ä–∫–∏,"–ü–æ–¥–∞—Ä–∏—Ç–µ –Ω–µ–∑–∞–±—ã–≤–∞–µ–º—ã–µ –º–æ–º–µ–Ω—Ç—ã —Å –Ω–∞—à–∏–º–∏ —ç–ª–∏—Ç–Ω—ã–º–∏ –∞–ª–∫–æ–≥–æ–ª—å–Ω—ã–º–∏ –ø–æ–¥–∞—Ä–∫–∞–º–∏. –í –Ω–∞—à–µ–º –∞—Å—Å–æ—Ä—Ç–∏–º–µ–Ω—Ç–µ –≤—ã –Ω–∞–π–¥–µ—Ç–µ –∏–∑—ã—Å–∫–∞–Ω–Ω—ã–µ –Ω–∞–ø–∏—Ç–∫–∏ –∏ –ø–æ–¥–∞—Ä–æ—á–Ω—ã–µ –Ω–∞–±–æ—Ä—ã, –∫–æ—Ç–æ—Ä—ã–µ —Å—Ç–∞–Ω—É—Ç –ø—Ä–µ–∫—Ä–∞—Å–Ω—ã–º –ø–æ–¥–∞—Ä–∫–æ–º –¥–ª—è —Ü–µ–Ω–∏—Ç–µ–ª–µ–π –∫–∞—á–µ—Å—Ç–≤–µ–Ω–Ω—ã—Ö –∞–ª–∫–æ–≥–æ–ª—å–Ω—ã—Ö –Ω–∞–ø–∏—Ç–∫–æ–≤. –î–æ—Å—Ç–∞–≤–∫–∞ –ø–æ –ú–æ—Å–∫–≤–µ –∏ –†–æ—Å—Å–∏–∏ üç∑üéÅ‚ú®!"
/filter/tip_podarka-is-podarochnye-nabory/apply/,–ü–æ–¥–∞—Ä–æ—á–Ω—ã–µ –Ω–∞–±–æ—Ä—ã,–≠–ª–∏—Ç–Ω—ã–µ –ø–æ–¥–∞—Ä–æ—á–Ω—ã–µ –Ω–∞–±–æ—Ä—ã,–≠–ª–∏—Ç–Ω—ã–µ –ø–æ–¥–∞—Ä–æ—á–Ω—ã–µ –Ω–∞–±–æ—Ä—ã | –≠–ª–∏—Ç–Ω—ã–µ –ü–æ–¥–∞—Ä–∫–∏,"–ü–æ–¥–∞—Ä–∏—Ç–µ —Ä–∞–¥–æ—Å—Ç—å —Å –Ω–∞—à–∏–º–∏ –ø–æ–¥–∞—Ä–æ—á–Ω—ã–º–∏ –Ω–∞–±–æ—Ä–∞–º–∏. –í –Ω–∞—à–µ–º –∞—Å—Å–æ—Ä—Ç–∏–º–µ–Ω—Ç–µ –≤—ã –Ω–∞–π–¥–µ—Ç–µ —Ä–∞–∑–Ω–æ–æ–±—Ä–∞–∑–Ω—ã–µ –∫–æ–º–ø–ª–µ–∫—Ç—ã, –∏–¥–µ–∞–ª—å–Ω–æ –ø–æ–¥—Ö–æ–¥—è—â–∏–µ –¥–ª—è –ª—é–±–æ–≥–æ —Å–ª—É—á–∞—è –∏ –ø–æ–ª—É—á–∞—Ç–µ–ª—è. –î–æ—Å—Ç–∞–≤–∫–∞ –ø–æ –ú–æ—Å–∫–≤–µ –∏ –†–æ—Å—Å–∏–∏ üéÅ‚ú®!"
/filter/tip_podarka-is-dorogie/apply/,–î–æ—Ä–æ–≥–∏–µ –ø–æ–¥–∞—Ä–∫–∏,–î–æ—Ä–æ–≥–∏–µ –ø–æ–¥–∞—Ä–∫–∏,–î–æ—Ä–æ–≥–∏–µ –ø–æ–¥–∞—Ä–∫–∏ | –≠–ª–∏—Ç–Ω—ã–µ –ü–æ–¥–∞—Ä–∫–∏,"–ü–æ–¥–∞—Ä–∏—Ç–µ —Ä–æ—Å–∫–æ—à—å –∏ –∏–∑—ã—Å–∫–∞–Ω–Ω–æ—Å—Ç—å —Å –Ω–∞—à–∏–º–∏ –¥–æ—Ä–æ–≥–∏–º–∏ –ø–æ–¥–∞—Ä–∫–∞–º–∏. –í –Ω–∞—à–µ–º –∞—Å—Å–æ—Ä—Ç–∏–º–µ–Ω—Ç–µ –≤—ã –Ω–∞–π–¥–µ—Ç–µ –∏–∑—ã—Å–∫–∞–Ω–Ω—ã–µ –∏ —É—Ç–æ–Ω—á–µ–Ω–Ω—ã–µ –ø–æ–¥–∞—Ä–∫–∏, –∫–æ—Ç–æ—Ä—ã–µ —Å—Ç–∞–Ω—É—Ç –Ω–µ–ø–æ–≤—Ç–æ—Ä–∏–º—ã–º —Å—é—Ä–ø—Ä–∏–∑–æ–º –¥–ª—è –ø–æ–ª—É—á–∞—Ç–µ–ª—è. –î–æ—Å—Ç–∞–≤–∫–∞ –ø–æ –ú–æ—Å–∫–≤–µ –∏ –†–æ—Å—Å–∏–∏ üéÅ‚ú®!"
/filter/professii-is-biznesmenu/apply/,–ü–æ–¥–∞—Ä–æ–∫ –ë–∏–∑–Ω–µ—Å–º–µ–Ω—É,–≠–ª–∏—Ç–Ω—ã–µ –ø–æ–¥–∞—Ä–∫–∏ –±–∏–∑–Ω–µ—Å–º–µ–Ω—É,–≠–ª–∏—Ç–Ω—ã–µ –ø–æ–¥–∞—Ä–∫–∏ –±–∏–∑–Ω–µ—Å–º–µ–Ω—É | –≠–ª–∏—Ç–Ω—ã–µ –ü–æ–¥–∞—Ä–∫–∏,"–ü–æ–¥–∞—Ä–∏—Ç–µ —É—Å–ø–µ—Ö –∏ –ø—Ä–æ—Ü–≤–µ—Ç–∞–Ω–∏–µ —Å –Ω–∞—à–∏–º–∏ –ø–æ–¥–∞—Ä–∫–∞–º–∏ –¥–ª—è –±–∏–∑–Ω–µ—Å–º–µ–Ω–∞. –í –Ω–∞—à–µ–º –∞—Å—Å–æ—Ä—Ç–∏–º–µ–Ω—Ç–µ –≤—ã –Ω–∞–π–¥–µ—Ç–µ —ç–ª–∏—Ç–Ω—ã–µ –∏ —Å—Ç–∏–ª—å–Ω—ã–µ –ø–æ–¥–∞—Ä–∫–∏, –∫–æ—Ç–æ—Ä—ã–µ –ø–æ–¥—á–µ—Ä–∫–Ω—É—Ç –µ–≥–æ —Å—Ç–∞—Ç—É—Å –∏ —É—Å–ø–µ—Ö–∏ –≤ –¥–µ–ª–æ–≤–æ–π —Å—Ñ–µ—Ä–µ. –î–æ—Å—Ç–∞–≤–∫–∞ –ø–æ –ú–æ—Å–∫–≤–µ –∏ –†–æ—Å—Å–∏–∏ üíºüéÅ‚ú®!"
/filter/komu-is-muzhchine-or-pape/apply/,–ü–æ–¥–∞—Ä–æ–∫ –ø–∞–ø–µ,–≠–ª–∏—Ç–Ω—ã–µ –ø–æ–¥–∞—Ä–∫–∏ –¥–ª—è –ø–∞–ø—ã,–î–æ—Ä–æ–≥–∏–µ –ø–æ–¥–∞—Ä–∫–∏ –¥–ª—è –ø–∞–ø—ã | –≠–ª–∏—Ç–Ω—ã–µ –ü–æ–¥–∞—Ä–∫–∏,"–ü–æ–¥–∞—Ä–∏—Ç–µ –Ω–µ–∑–∞–±—ã–≤–∞–µ–º—ã–µ –º–æ–º–µ–Ω—Ç—ã —Å –Ω–∞—à–∏–º–∏ –¥–æ—Ä–æ–≥–∏–º–∏ –ø–æ–¥–∞—Ä–∫–∞–º–∏ –¥–ª—è –ø–∞–ø—ã. –í –Ω–∞—à–µ–º –∞—Å—Å–æ—Ä—Ç–∏–º–µ–Ω—Ç–µ –≤—ã –Ω–∞–π–¥–µ—Ç–µ –∏–∑—ã—Å–∫–∞–Ω–Ω—ã–µ –∏ —Å—Ç–∏–ª—å–Ω—ã–µ –ø–æ–¥–∞—Ä–∫–∏, –∫–æ—Ç–æ—Ä—ã–µ –ø–æ–¥—á–µ—Ä–∫–Ω—É—Ç –≤–∞—à—É –ª—é–±–æ–≤—å –∏ –ø—Ä–∏–∑–Ω–∞—Ç–µ–ª—å–Ω–æ—Å—Ç—å –∫ –≤–∞—à–µ–º—É –æ—Ç—Ü—É. –î–æ—Å—Ç–∞–≤–∫–∞ –ø–æ –ú–æ—Å–∫–≤–µ –∏ –†–æ—Å—Å–∏–∏ üë®‚Äçüëß‚Äçüë¶üéÅ‚ú®!"
/filter/komu-is-korporativnye-or-kollegam/apply/,–ü–æ–¥–∞—Ä–æ–∫ –ö–æ—Ä–ø–æ—Ä–∞—Ç–∏–≤–Ω—ã–µ –ö–æ–ª–ª–µ–≥–∞–º,–≠–ª–∏—Ç–Ω—ã–µ –ø–æ–¥–∞—Ä–∫–∏ –¥–ª—è –∫–æ—Ä–ø–æ—Ä–∞—Ç–∏–≤–Ω—ã—Ö –∫–æ–ª–ª–µ–≥,–≠–∫—Å–∫–ª—é–∑–∏–≤–Ω—ã–µ –ø–æ–¥–∞—Ä–∫–∏ –¥–ª—è –∫–æ—Ä–ø–æ—Ä–∞—Ç–∏–≤–Ω—ã—Ö –∫–æ–ª–ª–µ–≥ | –≠–ª–∏—Ç–Ω—ã–µ –ü–æ–¥–∞—Ä–∫–∏,"–ü–æ–¥–∞—Ä–∏—Ç–µ –Ω–µ–∑–∞–±—ã–≤–∞–µ–º—ã–µ –º–æ–º–µ–Ω—Ç—ã —Å –Ω–∞—à–∏–º–∏ —ç–∫—Å–∫–ª—é–∑–∏–≤–Ω—ã–º–∏ –ø–æ–¥–∞—Ä–∫–∞–º–∏ –¥–ª—è –∫–æ—Ä–ø–æ—Ä–∞—Ç–∏–≤–Ω—ã—Ö –∫–æ–ª–ª–µ–≥. –í –Ω–∞—à–µ–º –∞—Å—Å–æ—Ä—Ç–∏–º–µ–Ω—Ç–µ –≤—ã –Ω–∞–π–¥–µ—Ç–µ –∏–∑—ã—Å–∫–∞–Ω–Ω—ã–µ –∏ —ç–ª–µ–≥–∞–Ω—Ç–Ω—ã–µ –ø–æ–¥–∞—Ä–∫–∏, –∫–æ—Ç–æ—Ä—ã–µ –ø–æ–¥—á–µ—Ä–∫–Ω—É—Ç –≤–∞—à–µ —É–≤–∞–∂–µ–Ω–∏–µ –∏ –ø—Ä–∏–∑–Ω–∞—Ç–µ–ª—å–Ω–æ—Å—Ç—å –∫ –≤–∞—à–∏–º —Å–æ—Ç—Ä—É–¥–Ω–∏–∫–∞–º. –î–æ—Å—Ç–∞–≤–∫–∞ –ø–æ –ú–æ—Å–∫–≤–µ –∏ –†–æ—Å—Å–∏–∏ üëîüéÅ‚ú®!"
/filter/tip_podarka-is-poleznye/apply/,–ü–æ–ª–µ–∑–Ω—ã–µ –ø–æ–¥–∞—Ä–∫–∏,–ü–æ–ª–µ–∑–Ω—ã–µ —ç–ª–∏—Ç–Ω—ã–µ –ø–æ–¥–∞—Ä–∫–∏,–ü–æ–ª–µ–∑–Ω—ã–µ —ç–ª–∏—Ç–Ω—ã–µ –ø–æ–¥–∞—Ä–∫–∏ | –≠–ª–∏—Ç–Ω—ã–µ –ü–æ–¥–∞—Ä–∫–∏,"–ü–æ–¥–∞—Ä–∏—Ç–µ —Ä–∞–¥–æ—Å—Ç—å —Å –Ω–∞—à–∏–º–∏ –ø–æ–ª–µ–∑–Ω—ã–º–∏ –ø–æ–¥–∞—Ä–∫–∞–º–∏. –í –Ω–∞—à–µ–º –∞—Å—Å–æ—Ä—Ç–∏–º–µ–Ω—Ç–µ –≤—ã –Ω–∞–π–¥–µ—Ç–µ —Ñ—É–Ω–∫—Ü–∏–æ–Ω–∞–ª—å–Ω—ã–µ –∏ —É–¥–æ–±–Ω—ã–µ –ø–æ–¥–∞—Ä–∫–∏, –∫–æ—Ç–æ—Ä—ã–µ –ø—Ä–∏–≥–æ–¥—è—Ç—Å—è –≤ –ø–æ–≤—Å–µ–¥–Ω–µ–≤–Ω–æ–π –∂–∏–∑–Ω–∏. –î–æ—Å—Ç–∞–≤–∫–∞ –ø–æ –ú–æ—Å–∫–≤–µ –∏ –†–æ—Å—Å–∏–∏ üéÅ‚ú®!"
/filter/povod-is-novyy-god/apply/,–ü–æ–¥–∞—Ä–æ–∫ –Ω–∞ –ù–æ–≤—ã–π –ì–æ–¥,–î–æ—Ä–æ–≥–∏–µ –ø–æ–¥–∞—Ä–∫–∏ –Ω–∞ –ù–æ–≤—ã–π –ì–æ–¥,–î–æ—Ä–æ–≥–∏–µ –ø–æ–¥–∞—Ä–∫–∏ –Ω–∞ –ù–æ–≤—ã–π –ì–æ–¥ | –≠–ª–∏—Ç–Ω—ã–µ –ü–æ–¥–∞—Ä–∫–∏,"–ü–æ–¥–∞—Ä–∏—Ç–µ –≤–æ–ª—à–µ–±—Å—Ç–≤–æ –ù–æ–≤–æ–≥–æ –ì–æ–¥–∞ —Å –Ω–∞—à–∏–º–∏ –¥–æ—Ä–æ–≥–∏–º–∏ –ø–æ–¥–∞—Ä–∫–∞–º–∏. –í –Ω–∞—à–µ–º –∞—Å—Å–æ—Ä—Ç–∏–º–µ–Ω—Ç–µ –≤—ã –Ω–∞–π–¥–µ—Ç–µ –∏–∑—ã—Å–∫–∞–Ω–Ω—ã–µ –∏ –ø—Ä–∞–∑–¥–Ω–∏—á–Ω—ã–µ –ø–æ–¥–∞—Ä–∫–∏, –∫–æ—Ç–æ—Ä—ã–µ —Å–¥–µ–ª–∞—é—Ç –ø—Ä–∞–∑–¥–Ω–∏–∫ –Ω–µ–∑–∞–±—ã–≤–∞–µ–º—ã–º. –î–æ—Å—Ç–∞–≤–∫–∞ –ø–æ –ú–æ—Å–∫–≤–µ –∏ –†–æ—Å—Å–∏–∏ üéÖüéÅ‚ú®!"
/filter/tip_podarka-is-znaki-zodiaka/apply/,–ü–æ–¥–∞—Ä–∫–∏ –ø–æ –∑–Ω–∞–∫—É –∑–æ–¥–∏–∞–∫–∞,–≠–ª–∏—Ç–Ω—ã–µ –ø–æ–¥–∞—Ä–∫–∏ –ø–æ –∑–Ω–∞–∫—É –∑–æ–¥–∏–∞–∫–∞,–≠–ª–∏—Ç–Ω—ã–µ –ø–æ–¥–∞—Ä–∫–∏ –ø–æ –∑–Ω–∞–∫—É –∑–æ–¥–∏–∞–∫–∞ | –≠–ª–∏—Ç–Ω—ã–µ –ü–æ–¥–∞—Ä–∫–∏,"–ü–æ–¥–∞—Ä–∏—Ç–µ –Ω–µ–∑–∞–±—ã–≤–∞–µ–º—ã–µ –º–æ–º–µ–Ω—Ç—ã —Å –Ω–∞—à–∏–º–∏ —ç–ª–∏—Ç–Ω—ã–º–∏ –ø–æ–¥–∞—Ä–∫–∞–º–∏, –ø–æ–¥–æ–±—Ä–∞–Ω–Ω—ã–º–∏ –ø–æ –∑–Ω–∞–∫—É –∑–æ–¥–∏–∞–∫–∞. –í –Ω–∞—à–µ–º –∞—Å—Å–æ—Ä—Ç–∏–º–µ–Ω—Ç–µ –≤—ã –Ω–∞–π–¥–µ—Ç–µ –∏–∑—ã—Å–∫–∞–Ω–Ω—ã–µ –∏ –ø–µ—Ä—Å–æ–Ω–∞–ª–∏–∑–∏—Ä–æ–≤–∞–Ω–Ω—ã–µ –ø–æ–¥–∞—Ä–∫–∏, –∫–æ—Ç–æ—Ä—ã–µ –ø—Ä–∏–Ω–µ—Å—É—Ç —Ä–∞–¥–æ—Å—Ç—å –∏ –≤–æ—Å—Ö–∏—â–µ–Ω–∏–µ. –î–æ—Å—Ç–∞–≤–∫–∞ –ø–æ –ú–æ—Å–∫–≤–µ –∏ –†–æ—Å—Å–∏–∏ ‚ôìÔ∏èüéÅ‚ú®!"
/filter/komu-is-korporativnye-or-shefu/apply/,–ü–æ–¥–∞—Ä–æ–∫ –ö–æ—Ä–ø–æ—Ä–∞—Ç–∏–≤–Ω—ã–µ –®–µ—Ñ—É,–≠–ª–∏—Ç–Ω—ã–µ –ø–æ–¥–∞—Ä–∫–∏ –¥–ª—è —à–µ—Ñ–∞,–≠–ª–∏—Ç–Ω—ã–µ –ø–æ–¥–∞—Ä–∫–∏ –¥–ª—è —à–µ—Ñ–∞ | –≠–ª–∏—Ç–Ω—ã–µ –ü–æ–¥–∞—Ä–∫–∏,"–ü–æ–¥–∞—Ä–∏—Ç–µ –Ω–µ–∑–∞–±—ã–≤–∞–µ–º—ã–µ –º–æ–º–µ–Ω—Ç—ã —Å –Ω–∞—à–∏–º–∏ —ç–ª–∏—Ç–Ω—ã–º–∏ –ø–æ–¥–∞—Ä–∫–∞–º–∏ –¥–ª—è –≤–∞—à–µ–≥–æ —à–µ—Ñ–∞. –í –Ω–∞—à–µ–º –∞—Å—Å–æ—Ä—Ç–∏–º–µ–Ω—Ç–µ –≤—ã –Ω–∞–π–¥–µ—Ç–µ –∏–∑—ã—Å–∫–∞–Ω–Ω—ã–µ –∏ —Å—Ç–∏–ª—å–Ω—ã–µ –ø–æ–¥–∞—Ä–∫–∏, –∫–æ—Ç–æ—Ä—ã–µ –ø–æ–¥—á–µ—Ä–∫–Ω—É—Ç –≤–∞—à–µ —É–≤–∞–∂–µ–Ω–∏–µ –∏ –ø—Ä–∏–∑–Ω–∞—Ç–µ–ª—å–Ω–æ—Å—Ç—å –∫ –µ–≥–æ —Ä—É–∫–æ–≤–æ–¥—Å—Ç–≤—É. –î–æ—Å—Ç–∞–≤–∫–∞ –ø–æ –ú–æ—Å–∫–≤–µ –∏ –†–æ—Å—Å–∏–∏ üë®‚ÄçüíºüéÅ‚ú®!"
/filter/professii-is-zheleznodorozhniku/apply/,–ü–æ–¥–∞—Ä–æ–∫ –ñ–µ–ª–µ–∑–Ω–æ–¥–æ—Ä–æ–∂–Ω–∏–∫—É,–≠–ª–∏—Ç–Ω—ã–µ –ø–æ–¥–∞—Ä–∫–∏ –¥–ª—è –∂–µ–ª–µ–∑–Ω–æ–¥–æ—Ä–æ–∂–Ω–∏–∫–∞,–≠–ª–∏—Ç–Ω—ã–µ –ø–æ–¥–∞—Ä–∫–∏ –¥–ª—è –∂–µ–ª–µ–∑–Ω–æ–¥–æ—Ä–æ–∂–Ω–∏–∫–∞ | –≠–ª–∏—Ç–Ω—ã–µ –ü–æ–¥–∞—Ä–∫–∏,"–ü–æ–¥–∞—Ä–∏—Ç–µ –Ω–µ–∑–∞–±—ã–≤–∞–µ–º—ã–µ –º–æ–º–µ–Ω—Ç—ã —Å –Ω–∞—à–∏–º–∏ —ç–ª–∏—Ç–Ω—ã–º–∏ –ø–æ–¥–∞—Ä–∫–∞–º–∏ –¥–ª—è –∂–µ–ª–µ–∑–Ω–æ–¥–æ—Ä–æ–∂–Ω–∏–∫–∞. –í –Ω–∞—à–µ–º –∞—Å—Å–æ—Ä—Ç–∏–º–µ–Ω—Ç–µ –≤—ã –Ω–∞–π–¥–µ—Ç–µ –∏–∑—ã—Å–∫–∞–Ω–Ω—ã–µ –∏ –ø—Ä–∞–∫—Ç–∏—á–Ω—ã–µ –ø–æ–¥–∞—Ä–∫–∏, –∫–æ—Ç–æ—Ä—ã–µ –ø–æ–¥—á–µ—Ä–∫–Ω—É—Ç –µ–≥–æ –ø—Ä–µ–¥–∞–Ω–Ω–æ—Å—Ç—å –∏ –ø—Ä–æ—Ñ–µ—Å—Å–∏–æ–Ω–∞–ª–∏–∑–º. –î–æ—Å—Ç–∞–≤–∫–∞ –ø–æ –ú–æ—Å–∫–≤–µ –∏ –†–æ—Å—Å–∏–∏ üöÇüéÅ‚ú®!"
/filter/tip_podarka-is-pravoslavnye/apply/,–ü—Ä–∞–≤–æ—Å–ª–∞–≤–Ω—ã–µ –ø–æ–¥–∞—Ä–∫–∏,–≠–ª–∏—Ç–Ω—ã–µ –ø—Ä–∞–≤–æ—Å–ª–∞–≤–Ω—ã–µ –ø–æ–¥–∞—Ä–∫–∏ ,–≠–ª–∏—Ç–Ω—ã–µ –ø—Ä–∞–≤–æ—Å–ª–∞–≤–Ω—ã–µ –ø–æ–¥–∞—Ä–∫–∏  | –≠–ª–∏—Ç–Ω—ã–µ –ü–æ–¥–∞—Ä–∫–∏,"–ü–æ–¥–∞—Ä–∏—Ç–µ –¥—É—Ö–æ–≤–Ω—É—é —Ä–∞–¥–æ—Å—Ç—å —Å –Ω–∞—à–∏–º–∏ –ø—Ä–∞–≤–æ—Å–ª–∞–≤–Ω—ã–º–∏ –ø–æ–¥–∞—Ä–∫–∞–º–∏. –í –Ω–∞—à–µ–º –∞—Å—Å–æ—Ä—Ç–∏–º–µ–Ω—Ç–µ –≤—ã –Ω–∞–π–¥–µ—Ç–µ –∏–∑—ã—Å–∫–∞–Ω–Ω—ã–µ –∏ —Å–∏–º–≤–æ–ª–∏—á–Ω—ã–µ –ø–æ–¥–∞—Ä–∫–∏, –∫–æ—Ç–æ—Ä—ã–µ –ø—Ä–∏–Ω–µ—Å—É—Ç —É—Ç–µ—à–µ–Ω–∏–µ –∏ –≤–¥–æ—Ö–Ω–æ–≤–µ–Ω–∏–µ. –î–æ—Å—Ç–∞–≤–∫–∞ –ø–æ –ú–æ—Å–∫–≤–µ –∏ –†–æ—Å—Å–∏–∏ ‚õ™Ô∏èüéÅ‚ú®!"
/filter/komu-is-pare-or-vlyublennym/apply/,–ü–æ–¥–∞—Ä–æ–∫ –ü–∞—Ä–µ –í–ª—é–±–ª–µ–Ω–Ω—ã–º,–≠–ª–∏—Ç–Ω—ã–µ –ø–æ–¥–∞—Ä–∫–∏ –¥–ª—è –≤–ª—é–±–ª–µ–Ω–Ω–æ–π –ø–∞—Ä—ã,–≠–ª–∏—Ç–Ω—ã–µ –ø–æ–¥–∞—Ä–∫–∏ –¥–ª—è –≤–ª—é–±–ª–µ–Ω–Ω–æ–π –ø–∞—Ä—ã | –≠–ª–∏—Ç–Ω—ã–µ –ü–æ–¥–∞—Ä–∫–∏,"–ü–æ–¥–∞—Ä–∏—Ç–µ –Ω–µ–∑–∞–±—ã–≤–∞–µ–º—ã–µ –º–æ–º–µ–Ω—Ç—ã —Å –Ω–∞—à–∏–º–∏ —ç–ª–∏—Ç–Ω—ã–º–∏ –ø–æ–¥–∞—Ä–∫–∞–º–∏ –¥–ª—è –≤–ª—é–±–ª–µ–Ω–Ω–æ–π –ø–∞—Ä—ã. –í –Ω–∞—à–µ–º –∞—Å—Å–æ—Ä—Ç–∏–º–µ–Ω—Ç–µ –≤—ã –Ω–∞–π–¥–µ—Ç–µ –∏–∑—ã—Å–∫–∞–Ω–Ω—ã–µ –∏ —Ä–æ–º–∞–Ω—Ç–∏—á–Ω—ã–µ –ø–æ–¥–∞—Ä–∫–∏, –∫–æ—Ç–æ—Ä—ã–µ –ø–æ–¥—á–µ—Ä–∫–Ω—É—Ç –≤–∞—à—É –ª—é–±–æ–≤—å –∏ —Å—Ç—Ä–∞—Å—Ç—å. –î–æ—Å—Ç–∞–≤–∫–∞ –ø–æ –ú–æ—Å–∫–≤–µ –∏ –†–æ—Å—Å–∏–∏ üíëüéÅ‚ú®!"
/filter/povod-is-paskha/apply/,–ü–æ–¥–∞—Ä–æ–∫ –Ω–∞ –ø–∞—Å—Ö—É,–≠–ª–∏—Ç–Ω—ã–µ –ø–æ–¥–∞—Ä–∫–∏ –Ω–∞ –ü–∞—Å—Ö—É,–≠–ª–∏—Ç–Ω—ã–π –ø–æ–¥–∞—Ä–æ–∫ –Ω–∞ –ü–∞—Å—Ö—É | –≠–ª–∏—Ç–Ω—ã–µ –ü–æ–¥–∞—Ä–∫–∏,"–ü–æ–¥–∞—Ä–∏—Ç–µ –Ω–µ–∑–∞–±—ã–≤–∞–µ–º—ã–π –ø—Ä–∞–∑–¥–Ω–∏–∫ –ü–∞—Å—Ö–∏ —Å –Ω–∞—à–∏–º —ç–ª–∏—Ç–Ω—ã–º –ø–æ–¥–∞—Ä–∫–æ–º. –í –Ω–∞—à–µ–º –∞—Å—Å–æ—Ä—Ç–∏–º–µ–Ω—Ç–µ –≤—ã –Ω–∞–π–¥–µ—Ç–µ –∏–∑—ã—Å–∫–∞–Ω–Ω—ã–µ –∏ —Ç—Ä–∞–¥–∏—Ü–∏–æ–Ω–Ω—ã–µ –ø–æ–¥–∞—Ä–∫–∏, –∫–æ—Ç–æ—Ä—ã–µ –ø—Ä–∏–Ω–µ—Å—É—Ç —Ä–∞–¥–æ—Å—Ç—å –∏ —Å–≤–µ—Ç –≤ –ø—Ä–∞–∑–¥–Ω–∏—á–Ω—ã–µ –¥–Ω–∏. –î–æ—Å—Ç–∞–≤–∫–∞ –ø–æ –ú–æ—Å–∫–≤–µ –∏ –†–æ—Å—Å–∏–∏ üê£üéÅ‚ú®!"
/filter/tip_podarka-is-neobychnye/apply/,–ù–µ–æ–±—ã—á–Ω—ã–µ –ø–æ–¥–∞—Ä–∫–∏,–ù–µ–æ–±—ã—á–Ω—ã–µ —ç–ª–∏—Ç–Ω—ã–µ –ø–æ–¥–∞—Ä–∫–∏,–ù–µ–æ–±—ã—á–Ω—ã–µ —ç–ª–∏—Ç–Ω—ã–µ –ø–æ–¥–∞—Ä–∫–∏ | –≠–ª–∏—Ç–Ω—ã–µ –ü–æ–¥–∞—Ä–∫–∏,"–ü–æ–¥–∞—Ä–∏—Ç–µ —É–¥–∏–≤–ª–µ–Ω–∏–µ —Å –Ω–∞—à–∏–º–∏ –Ω–µ–æ–±—ã—á–Ω—ã–º–∏ –ø–æ–¥–∞—Ä–∫–∞–º–∏. –í –Ω–∞—à–µ–º –∞—Å—Å–æ—Ä—Ç–∏–º–µ–Ω—Ç–µ –≤—ã –Ω–∞–π–¥–µ—Ç–µ –∫—Ä–µ–∞—Ç–∏–≤–Ω—ã–µ –∏ –æ—Ä–∏–≥–∏–Ω–∞–ª—å–Ω—ã–µ –ø–æ–¥–∞—Ä–∫–∏, –∫–æ—Ç–æ—Ä—ã–µ –ø–æ—Ä–∞–∑—è—Ç –≤–æ–æ–±—Ä–∞–∂–µ–Ω–∏–µ –∏ –∑–∞–ø–æ–º–Ω—è—Ç—Å—è –Ω–∞–¥–æ–ª–≥–æ. –î–æ—Å—Ç–∞–≤–∫–∞ –ø–æ –ú–æ—Å–∫–≤–µ –∏ –†–æ—Å—Å–∏–∏ üéÅ‚ú®!"
/filter/tip_podarka-is-vip-podarki/apply/,VIP –ø–æ–¥–∞—Ä–∫–∏,VIP –ø–æ–¥–∞—Ä–∫–∏,VIP –ø–æ–¥–∞—Ä–∫–∏ | –≠–ª–∏—Ç–Ω—ã–µ –ü–æ–¥–∞—Ä–∫–∏,"–ü–æ–¥–∞—Ä–∏—Ç–µ —Ä–æ—Å–∫–æ—à—å —Å –Ω–∞—à–∏–º–∏ VIP –ø–æ–¥–∞—Ä–∫–∞–º–∏. –í –Ω–∞—à–µ–º –∞—Å—Å–æ—Ä—Ç–∏–º–µ–Ω—Ç–µ –≤—ã –Ω–∞–π–¥–µ—Ç–µ –∏–∑—ã—Å–∫–∞–Ω–Ω—ã–µ –∏ —Ä–æ—Å–∫–æ—à–Ω—ã–µ –ø–æ–¥–∞—Ä–∫–∏, –∫–æ—Ç–æ—Ä—ã–µ –ø–æ–¥—á–µ—Ä–∫–Ω—É—Ç –≤–∞—à—É –≤—ã—Å–æ–∫—É—é —Å—Ç–∞—Ç—É—Å–Ω–æ—Å—Ç—å –∏ –≤–∫—É—Å. –î–æ—Å—Ç–∞–≤–∫–∞ –ø–æ –ú–æ—Å–∫–≤–µ –∏ –†–æ—Å—Å–∏–∏ üé©üéÅ‚ú®!"
/filter/tip_podarka-is-biznes-podarki/apply/,–ë–∏–∑–Ω–µ—Å –ø–æ–¥–∞—Ä–∫–∏,–≠–ª–∏—Ç–Ω—ã–µ –±–∏–∑–Ω–µ—Å –ø–æ–¥–∞—Ä–∫–∏,–≠–ª–∏—Ç–Ω—ã–µ –±–∏–∑–Ω–µ—Å –ø–æ–¥–∞—Ä–∫–∏ | –≠–ª–∏—Ç–Ω—ã–µ –ü–æ–¥–∞—Ä–∫–∏,"–ü–æ–¥–∞—Ä–∏—Ç–µ —É—Å–ø–µ—Ö —Å –Ω–∞—à–∏–º–∏ —ç–ª–∏—Ç–Ω—ã–º–∏ –±–∏–∑–Ω–µ—Å –ø–æ–¥–∞—Ä–∫–∞–º–∏. –í –Ω–∞—à–µ–º –∞—Å—Å–æ—Ä—Ç–∏–º–µ–Ω—Ç–µ –≤—ã –Ω–∞–π–¥–µ—Ç–µ –∏–∑—ã—Å–∫–∞–Ω–Ω—ã–µ –∏ —Å—Ç–∏–ª—å–Ω—ã–µ –ø–æ–¥–∞—Ä–∫–∏, –∫–æ—Ç–æ—Ä—ã–µ –ø–æ–¥—á–µ—Ä–∫–Ω—É—Ç –≤–∞—à –ø—Ä–æ—Ñ–µ—Å—Å–∏–æ–Ω–∞–ª–∏–∑–º –∏ –≤–Ω–∏–º–∞–Ω–∏–µ –∫ –¥–µ—Ç–∞–ª—è–º. –î–æ—Å—Ç–∞–≤–∫–∞ –ø–æ –ú–æ—Å–∫–≤–µ –∏ –†–æ—Å—Å–∏–∏ üíºüéÅ‚ú®!"
/filter/komu-is-korporativnye-or-sotrudnikam/apply/,–ü–æ–¥–∞—Ä–æ–∫ –ö–æ—Ä–ø–æ—Ä–∞—Ç–∏–≤–Ω—ã–µ –°–æ—Ç—Ä—É–¥–Ω–∏–∫–∞–º,–≠–ª–∏—Ç–Ω—ã–µ –ø–æ–¥–∞—Ä–∫–∏ –¥–ª—è –∫–æ—Ä–ø–æ—Ä–∞—Ç–∏–≤–Ω—ã—Ö —Å–æ—Ç—Ä—É–¥–Ω–∏–∫–æ–≤,–≠–ª–∏—Ç–Ω—ã–µ –ø–æ–¥–∞—Ä–∫–∏ –¥–ª—è –∫–æ—Ä–ø–æ—Ä–∞—Ç–∏–≤–Ω—ã—Ö —Å–æ—Ç—Ä—É–¥–Ω–∏–∫–æ–≤ | –≠–ª–∏—Ç–Ω—ã–µ –ü–æ–¥–∞—Ä–∫–∏,"–ü–æ–¥–∞—Ä–∏—Ç–µ –Ω–µ–∑–∞–±—ã–≤–∞–µ–º—ã–µ –º–æ–º–µ–Ω—Ç—ã —Å –Ω–∞—à–∏–º–∏ —ç–ª–∏—Ç–Ω—ã–º–∏ –ø–æ–¥–∞—Ä–∫–∞–º–∏ –¥–ª—è –∫–æ—Ä–ø–æ—Ä–∞—Ç–∏–≤–Ω—ã—Ö —Å–æ—Ç—Ä—É–¥–Ω–∏–∫–æ–≤. –í –Ω–∞—à–µ–º –∞—Å—Å–æ—Ä—Ç–∏–º–µ–Ω—Ç–µ –≤—ã –Ω–∞–π–¥–µ—Ç–µ –∏–∑—ã—Å–∫–∞–Ω–Ω—ã–µ –∏ —Å—Ç–∏–ª—å–Ω—ã–µ –ø–æ–¥–∞—Ä–∫–∏, –∫–æ—Ç–æ—Ä—ã–µ –ø–æ–¥—á–µ—Ä–∫–Ω—É—Ç –≤–∞—à–µ –ø—Ä–∏–∑–Ω–∞—Ç–µ–ª—å–Ω–æ—Å—Ç—å –∏ —É–≤–∞–∂–µ–Ω–∏–µ –∫ –∏—Ö —Ç—Ä—É–¥—É. –î–æ—Å—Ç–∞–≤–∫–∞ –ø–æ –ú–æ—Å–∫–≤–µ –∏ –†–æ—Å—Å–∏–∏ üëîüéÅ‚ú®!"
/filter/povod-is-den-mchs/apply/,–ü–æ–¥–∞—Ä–æ–∫ –Ω–∞ –î–µ–Ω—å –ú–ß–°,–≠–ª–∏—Ç–Ω—ã–µ –ø–æ–¥–∞—Ä–∫–∏ –Ω–∞ –î–µ–Ω—å –ú–ß–°,–≠–ª–∏—Ç–Ω—ã–π –ø–æ–¥–∞—Ä–æ–∫ –Ω–∞ –î–µ–Ω—å –ú–ß–° | –≠–ª–∏—Ç–Ω—ã–µ –ü–æ–¥–∞—Ä–∫–∏,"–ü–æ–¥–∞—Ä–∏—Ç–µ –Ω–µ–∑–∞–±—ã–≤–∞–µ–º—ã–π –ø—Ä–∞–∑–¥–Ω–∏–∫ —Å –Ω–∞—à–∏–º —ç–ª–∏—Ç–Ω—ã–º –ø–æ–¥–∞—Ä–∫–æ–º –Ω–∞ –î–µ–Ω—å –ú–ß–°. –í –Ω–∞—à–µ–º –∞—Å—Å–æ—Ä—Ç–∏–º–µ–Ω—Ç–µ –≤—ã –Ω–∞–π–¥–µ—Ç–µ –∏–∑—ã—Å–∫–∞–Ω–Ω—ã–µ –∏ –ø–∞—Ç—Ä–∏–æ—Ç–∏—á–Ω—ã–µ –ø–æ–¥–∞—Ä–∫–∏, –∫–æ—Ç–æ—Ä—ã–µ –ø–æ–¥—á–µ—Ä–∫–Ω—É—Ç –≤–∞—à–µ —É–≤–∞–∂–µ–Ω–∏–µ –∏ –ø—Ä–∏–∑–Ω–∞—Ç–µ–ª—å–Ω–æ—Å—Ç—å –∫ —Å–ª—É–∂–∏—Ç–µ–ª—è–º –Ω–∞—à–µ–π –∑–∞—â–∏—Ç—ã. –î–æ—Å—Ç–∞–≤–∫–∞ –ø–æ –ú–æ—Å–∫–≤–µ –∏ –†–æ—Å—Å–∏–∏ üöíüéÅ‚ú®!"
/filter/komu-is-zhenshchine-or-podruge/apply/,–ü–æ–¥–∞—Ä–æ–∫ –ñ–µ–Ω—â–∏–Ω–µ –ü–æ–¥—Ä—É–≥–µ,–≠–ª–∏—Ç–Ω—ã–µ –ø–æ–¥–∞—Ä–∫–∏ –¥–ª—è –ø–æ–¥—Ä—É–≥–∏,–≠–ª–∏—Ç–Ω—ã–π –ø–æ–¥–∞—Ä–æ–∫ –¥–ª—è –ø–æ–¥—Ä—É–≥–∏ | –≠–ª–∏—Ç–Ω—ã–µ –ü–æ–¥–∞—Ä–∫–∏,"–ü–æ–¥–∞—Ä–∏—Ç–µ –Ω–µ–∑–∞–±—ã–≤–∞–µ–º—ã–µ –º–æ–º–µ–Ω—Ç—ã —Å –Ω–∞—à–∏–º —ç–ª–∏—Ç–Ω—ã–º –ø–æ–¥–∞—Ä–∫–æ–º –¥–ª—è –≤–∞—à–µ–π –ø–æ–¥—Ä—É–≥–∏. –í –Ω–∞—à–µ–º –∞—Å—Å–æ—Ä—Ç–∏–º–µ–Ω—Ç–µ –≤—ã –Ω–∞–π–¥–µ—Ç–µ –∏–∑—ã—Å–∫–∞–Ω–Ω—ã–µ –∏ —Ä–æ–º–∞–Ω—Ç–∏—á–Ω—ã–µ –ø–æ–¥–∞—Ä–∫–∏, –∫–æ—Ç–æ—Ä—ã–µ –ø–æ–¥—á–µ—Ä–∫–Ω—É—Ç –≤–∞—à—É –¥—Ä—É–∂–±—É –∏ –ø—Ä–∏–≤—è–∑–∞–Ω–Ω–æ—Å—Ç—å. –î–æ—Å—Ç–∞–≤–∫–∞ –ø–æ –ú–æ—Å–∫–≤–µ –∏ –†–æ—Å—Å–∏–∏ üíïüéÅ‚ú®!"
/filter/komu-is-muzhchine-or-shefu/apply/,–ü–æ–¥–∞—Ä–æ–∫ –º—É–∂—á–∏–Ω–µ —à–µ—Ñ—É,–≠–ª–∏—Ç–Ω—ã–µ –ø–æ–¥–∞—Ä–∫–∏ –¥–ª—è –º—É–∂—á–∏–Ω—ã-—à–µ—Ñ–∞,–≠–ª–∏—Ç–Ω—ã–π –ø–æ–¥–∞—Ä–æ–∫ –¥–ª—è –º—É–∂—á–∏–Ω—ã-—à–µ—Ñ–∞ | –≠–ª–∏—Ç–Ω—ã–µ –ü–æ–¥–∞—Ä–∫–∏,"–ü–æ–¥–∞—Ä–∏—Ç–µ –Ω–µ–∑–∞–±—ã–≤–∞–µ–º—ã–µ –º–æ–º–µ–Ω—Ç—ã —Å –Ω–∞—à–∏–º —ç–ª–∏—Ç–Ω—ã–º –ø–æ–¥–∞—Ä–∫–æ–º –¥–ª—è –≤–∞—à–µ–≥–æ –º—É–∂—á–∏–Ω—ã-—à–µ—Ñ–∞. –í –Ω–∞—à–µ–º –∞—Å—Å–æ—Ä—Ç–∏–º–µ–Ω—Ç–µ –≤—ã –Ω–∞–π–¥–µ—Ç–µ –∏–∑—ã—Å–∫–∞–Ω–Ω—ã–µ –∏ —Å—Ç–∏–ª—å–Ω—ã–µ –ø–æ–¥–∞—Ä–∫–∏, –∫–æ—Ç–æ—Ä—ã–µ –ø–æ–¥—á–µ—Ä–∫–Ω—É—Ç –≤–∞—à–µ —É–≤–∞–∂–µ–Ω–∏–µ –∏ –ø—Ä–∏–∑–Ω–∞—Ç–µ–ª—å–Ω–æ—Å—Ç—å –∫ –µ–≥–æ –ª–∏–¥–µ—Ä—Å—Ç–≤—É. –î–æ—Å—Ç–∞–≤–∫–∞ –ø–æ –ú–æ—Å–∫–≤–µ –∏ –†–æ—Å—Å–∏–∏ üë®‚ÄçüíºüéÅ‚ú®!"
/filter/professii-is-neftyaniku/apply/,–ü–æ–¥–∞—Ä–æ–∫ –ù–µ—Ñ—Ç—è–Ω–∏–∫—É,–≠–ª–∏—Ç–Ω—ã–µ –ø–æ–¥–∞—Ä–∫–∏ –¥–ª—è –Ω–µ—Ñ—Ç—è–Ω–∏–∫–∞ ,–≠–ª–∏—Ç–Ω—ã–π –ø–æ–¥–∞—Ä–æ–∫ –¥–ª—è –Ω–µ—Ñ—Ç—è–Ω–∏–∫–∞ | –≠–ª–∏—Ç–Ω—ã–µ –ü–æ–¥–∞—Ä–∫–∏,"–ü–æ–¥–∞—Ä–∏—Ç–µ –Ω–µ–∑–∞–±—ã–≤–∞–µ–º—ã–µ –º–æ–º–µ–Ω—Ç—ã —Å –Ω–∞—à–∏–º —ç–ª–∏—Ç–Ω—ã–º –ø–æ–¥–∞—Ä–∫–æ–º –¥–ª—è –Ω–µ—Ñ—Ç—è–Ω–∏–∫–∞. –í –Ω–∞—à–µ–º –∞—Å—Å–æ—Ä—Ç–∏–º–µ–Ω—Ç–µ –≤—ã –Ω–∞–π–¥–µ—Ç–µ –∏–∑—ã—Å–∫–∞–Ω–Ω—ã–µ –∏ –ø—Ä–∞–∫—Ç–∏—á–Ω—ã–µ –ø–æ–¥–∞—Ä–∫–∏, –∫–æ—Ç–æ—Ä—ã–µ –ø–æ–¥—á–µ—Ä–∫–Ω—É—Ç –µ–≥–æ –ø—Ä–µ–¥–∞–Ω–Ω–æ—Å—Ç—å –∏ –ø—Ä–æ—Ñ–µ—Å—Å–∏–æ–Ω–∞–ª–∏–∑–º. –î–æ—Å—Ç–∞–≤–∫–∞ –ø–æ –ú–æ—Å–∫–≤–µ –∏ –†–æ—Å—Å–∏–∏ üõ¢Ô∏èüéÅ‚ú®!"
/filter/komu-is-zhenshchine-or-zhene/apply/,–ü–æ–¥–∞—Ä–æ–∫ –ñ–µ–Ω—â–∏–Ω–µ –ñ–µ–Ω–µ,–≠–ª–∏—Ç–Ω—ã–µ –ø–æ–¥–∞—Ä–∫–∏ –¥–ª—è –∂–µ–Ω—ã,–≠–ª–∏—Ç–Ω—ã–π –ø–æ–¥–∞—Ä–æ–∫ –¥–ª—è –∂–µ–Ω—ã | –≠–ª–∏—Ç–Ω—ã–µ –ü–æ–¥–∞—Ä–∫–∏,"–ü–æ–¥–∞—Ä–∏—Ç–µ –Ω–µ–∑–∞–±—ã–≤–∞–µ–º—ã–µ –º–æ–º–µ–Ω—Ç—ã —Å –Ω–∞—à–∏–º —ç–ª–∏—Ç–Ω—ã–º –ø–æ–¥–∞—Ä–∫–æ–º –¥–ª—è –≤–∞—à–µ–π –∂–µ–Ω—ã. –í –Ω–∞—à–µ–º –∞—Å—Å–æ—Ä—Ç–∏–º–µ–Ω—Ç–µ –≤—ã –Ω–∞–π–¥–µ—Ç–µ –∏–∑—ã—Å–∫–∞–Ω–Ω—ã–µ –∏ —Ä–æ—Å–∫–æ—à–Ω—ã–µ –ø–æ–¥–∞—Ä–∫–∏, –∫–æ—Ç–æ—Ä—ã–µ –ø–æ–¥—á–µ—Ä–∫–Ω—É—Ç –≤–∞—à—É –ª—é–±–æ–≤—å –∏ –∑–∞–±–æ—Ç—É. –î–æ—Å—Ç–∞–≤–∫–∞ –ø–æ –ú–æ—Å–∫–≤–µ –∏ –†–æ—Å—Å–∏–∏ üíëüéÅ‚ú®!"
/filter/komu-is-muzhchine-or-rukovoditelyu-2/apply/,–ü–æ–¥–∞—Ä–æ–∫ –¥—Ä—É–≥—É,–≠–ª–∏—Ç–Ω—ã–µ –ø–æ–¥–∞—Ä–∫–∏ –¥–ª—è –¥—Ä—É–≥–∞,–≠–ª–∏—Ç–Ω—ã–π –ø–æ–¥–∞—Ä–æ–∫ –¥–ª—è –¥—Ä—É–≥–∞ | –≠–ª–∏—Ç–Ω—ã–µ –ü–æ–¥–∞—Ä–∫–∏,"–ü–æ–¥–∞—Ä–∏—Ç–µ –Ω–µ–∑–∞–±—ã–≤–∞–µ–º—ã–µ –º–æ–º–µ–Ω—Ç—ã —Å –Ω–∞—à–∏–º —ç–ª–∏—Ç–Ω—ã–º –ø–æ–¥–∞—Ä–∫–æ–º –¥–ª—è –¥—Ä—É–≥–∞. –í –Ω–∞—à–µ–º –∞—Å—Å–æ—Ä—Ç–∏–º–µ–Ω—Ç–µ –≤—ã –Ω–∞–π–¥–µ—Ç–µ –∏–∑—ã—Å–∫–∞–Ω–Ω—ã–µ –∏ —Å—Ç–∏–ª—å–Ω—ã–µ –ø–æ–¥–∞—Ä–∫–∏, –∫–æ—Ç–æ—Ä—ã–µ –ø–æ–¥—á–µ—Ä–∫–Ω—É—Ç –≤–∞—à—É –¥—Ä—É–∂–±—É –∏ –ø—Ä–∏–≤—è–∑–∞–Ω–Ω–æ—Å—Ç—å. –î–æ—Å—Ç–∞–≤–∫–∞ –ø–æ –ú–æ—Å–∫–≤–µ –∏ –†–æ—Å—Å–∏–∏ üë¨üéÅ‚ú®!"
/filter/professii-is-moryaku/apply/,–ü–æ–¥–∞—Ä–æ–∫ –ú–æ—Ä—è–∫—É,–≠–ª–∏—Ç–Ω—ã–µ –ø–æ–¥–∞—Ä–∫–∏ –¥–ª—è –º–æ—Ä—è–∫–∞,–≠–ª–∏—Ç–Ω—ã–π –ø–æ–¥–∞—Ä–æ–∫ –¥–ª—è –º–æ—Ä—è–∫–∞ | –≠–ª–∏—Ç–Ω—ã–µ –ü–æ–¥–∞—Ä–∫–∏,"–ü–æ–¥–∞—Ä–∏—Ç–µ –Ω–µ–∑–∞–±—ã–≤–∞–µ–º—ã–µ –º–æ–º–µ–Ω—Ç—ã —Å –Ω–∞—à–∏–º —ç–ª–∏—Ç–Ω—ã–º –ø–æ–¥–∞—Ä–∫–æ–º –¥–ª—è –º–æ—Ä—è–∫–∞. –í –Ω–∞—à–µ–º –∞—Å—Å–æ—Ä—Ç–∏–º–µ–Ω—Ç–µ –≤—ã –Ω–∞–π–¥–µ—Ç–µ –∏–∑—ã—Å–∫–∞–Ω–Ω—ã–µ –∏ –ø—Ä–∞–∫—Ç–∏—á–Ω—ã–µ –ø–æ–¥–∞—Ä–∫–∏, –∫–æ—Ç–æ—Ä—ã–µ –ø–æ–¥—á–µ—Ä–∫–Ω—É—Ç –µ–≥–æ –ª—é–±–æ–≤—å –∫ –º–æ—Ä—é –∏ –ø—Ä–∏–∫–ª—é—á–µ–Ω–∏—è–º. –î–æ—Å—Ç–∞–≤–∫–∞ –ø–æ –ú–æ—Å–∫–≤–µ –∏ –†–æ—Å—Å–∏–∏ ‚öìÔ∏èüéÅ‚ú®!"
/filter/tip_podarka-is-nedorogie/apply/,–ù–µ–¥–æ—Ä–æ–≥–∏–µ –ø–æ–¥–∞—Ä–∫–∏,–ù–µ–¥–æ—Ä–æ–≥–∏–µ —ç–ª–∏—Ç–Ω—ã–µ –ø–æ–¥–∞—Ä–∫–∏,–ù–µ–¥–æ—Ä–æ–≥–∏–µ —ç–ª–∏—Ç–Ω—ã–µ –ø–æ–¥–∞—Ä–∫–∏ | –≠–ª–∏—Ç–Ω—ã–µ –ü–æ–¥–∞—Ä–∫–∏,"–ü–æ–¥–∞—Ä–∏—Ç–µ —Ä–∞–¥–æ—Å—Ç—å –±–µ–∑ –ª–∏—à–Ω–∏—Ö –∑–∞—Ç—Ä–∞—Ç —Å –Ω–∞—à–∏–º–∏ –Ω–µ–¥–æ—Ä–æ–≥–∏–º–∏ –ø–æ–¥–∞—Ä–∫–∞–º–∏. –í –Ω–∞—à–µ–º –∞—Å—Å–æ—Ä—Ç–∏–º–µ–Ω—Ç–µ –≤—ã –Ω–∞–π–¥–µ—Ç–µ –∫–∞—á–µ—Å—Ç–≤–µ–Ω–Ω—ã–µ –∏ –æ—Ä–∏–≥–∏–Ω–∞–ª—å–Ω—ã–µ –ø–æ–¥–∞—Ä–∫–∏, –∫–æ—Ç–æ—Ä—ã–µ –ø–æ—Ä–∞–¥—É—é—Ç –±–µ–∑ —É—â–µ—Ä–±–∞ –¥–ª—è –±—é–¥–∂–µ—Ç–∞. –î–æ—Å—Ç–∞–≤–∫–∞ –ø–æ –ú–æ—Å–∫–≤–µ –∏ –†–æ—Å—Å–∏–∏ üéÅ‚ú®!"
/filter/povod-is-den-fsb/apply/,–ü–æ–¥–∞—Ä–æ–∫ –Ω–∞ –î–µ–Ω—å –§–°–ë,–≠–ª–∏—Ç–Ω—ã–µ –ø–æ–¥–∞—Ä–∫–∏ –Ω–∞ –î–µ–Ω—å –§–°–ë,–≠–ª–∏—Ç–Ω—ã–π –ø–æ–¥–∞—Ä–æ–∫ –Ω–∞ –î–µ–Ω—å –§–°–ë | –≠–ª–∏—Ç–Ω—ã–µ –ü–æ–¥–∞—Ä–∫–∏,"–ü–æ–¥–∞—Ä–∏—Ç–µ –Ω–µ–∑–∞–±—ã–≤–∞–µ–º—ã–π –ø—Ä–∞–∑–¥–Ω–∏–∫ —Å –Ω–∞—à–∏–º —ç–ª–∏—Ç–Ω—ã–º –ø–æ–¥–∞—Ä–∫–æ–º –Ω–∞ –î–µ–Ω—å –§–°–ë. –í –Ω–∞—à–µ–º –∞—Å—Å–æ—Ä—Ç–∏–º–µ–Ω—Ç–µ –≤—ã –Ω–∞–π–¥–µ—Ç–µ –∏–∑—ã—Å–∫–∞–Ω–Ω—ã–µ –∏ –ø–∞—Ç—Ä–∏–æ—Ç–∏—á–Ω—ã–µ –ø–æ–¥–∞—Ä–∫–∏, –∫–æ—Ç–æ—Ä—ã–µ –ø–æ–¥—á–µ—Ä–∫–Ω—É—Ç –≤–∞—à–µ —É–≤–∞–∂–µ–Ω–∏–µ –∏ –ø—Ä–∏–∑–Ω–∞—Ç–µ–ª—å–Ω–æ—Å—Ç—å –∫ —Å–æ—Ç—Ä—É–¥–Ω–∏–∫–∞–º —Å–ª—É–∂–±—ã –±–µ–∑–æ–ø–∞—Å–Ω–æ—Å—Ç–∏. –î–æ—Å—Ç–∞–≤–∫–∞ –ø–æ –ú–æ—Å–∫–≤–µ –∏ –†–æ—Å—Å–∏–∏ üï∂Ô∏èüéÅ‚ú®!"
/filter/komu-is-pare-or-molodozhenam/apply/,–ü–æ–¥–∞—Ä–æ–∫ –ü–∞—Ä–µ –ú–æ–ª–æ–¥–æ–∂–µ–Ω–∞–º,–≠–ª–∏—Ç–Ω—ã–µ –ø–æ–¥–∞—Ä–∫–∏ –¥–ª—è –º–æ–ª–æ–¥–æ–∂–µ–Ω–æ–≤,–≠–ª–∏—Ç–Ω—ã–π –ø–æ–¥–∞—Ä–æ–∫ –¥–ª—è –º–æ–ª–æ–¥–æ–∂–µ–Ω–æ–≤ | –≠–ª–∏—Ç–Ω—ã–µ –ü–æ–¥–∞—Ä–∫–∏,"–ü–æ–¥–∞—Ä–∏—Ç–µ –Ω–µ–∑–∞–±—ã–≤–∞–µ–º—ã–µ –º–æ–º–µ–Ω—Ç—ã —Å –Ω–∞—à–∏–º —ç–ª–∏—Ç–Ω—ã–º –ø–æ–¥–∞—Ä–∫–æ–º –¥–ª—è –º–æ–ª–æ–¥–æ–∂–µ–Ω–æ–≤. –í –Ω–∞—à–µ–º –∞—Å—Å–æ—Ä—Ç–∏–º–µ–Ω—Ç–µ –≤—ã –Ω–∞–π–¥–µ—Ç–µ –∏–∑—ã—Å–∫–∞–Ω–Ω—ã–µ –∏ —Ä–æ–º–∞–Ω—Ç–∏—á–Ω—ã–µ –ø–æ–¥–∞—Ä–∫–∏, –∫–æ—Ç–æ—Ä—ã–µ –ø–æ–¥—á–µ—Ä–∫–Ω—É—Ç –≤–∞—à—É –ª—é–±–æ–≤—å –∏ —Å—á–∞—Å—Ç—å–µ. –î–æ—Å—Ç–∞–≤–∫–∞ –ø–æ –ú–æ—Å–∫–≤–µ –∏ –†–æ—Å—Å–∏–∏ üíëüéÅ‚ú®!"
/filter/komu-is-zhenshchine/apply/,–ü–æ–¥–∞—Ä–æ–∫ –ñ–µ–Ω—â–∏–Ω–µ,–≠–ª–∏—Ç–Ω—ã–µ –ø–æ–¥–∞—Ä–∫–∏ –¥–ª—è –∂–µ–Ω—â–∏–Ω—ã,–≠–ª–∏—Ç–Ω—ã–π –ø–æ–¥–∞—Ä–æ–∫ –¥–ª—è –∂–µ–Ω—â–∏–Ω—ã | –≠–ª–∏—Ç–Ω—ã–µ –ü–æ–¥–∞—Ä–∫–∏,"–ü–æ–¥–∞—Ä–∏—Ç–µ –Ω–µ–∑–∞–±—ã–≤–∞–µ–º—ã–µ –º–æ–º–µ–Ω—Ç—ã —Å –Ω–∞—à–∏–º —ç–ª–∏—Ç–Ω—ã–º –ø–æ–¥–∞—Ä–∫–æ–º –¥–ª—è –∂–µ–Ω—â–∏–Ω—ã. –í –Ω–∞—à–µ–º –∞—Å—Å–æ—Ä—Ç–∏–º–µ–Ω—Ç–µ –≤—ã –Ω–∞–π–¥–µ—Ç–µ –∏–∑—ã—Å–∫–∞–Ω–Ω—ã–µ –∏ —Å—Ç–∏–ª—å–Ω—ã–µ –ø–æ–¥–∞—Ä–∫–∏, –∫–æ—Ç–æ—Ä—ã–µ –ø–æ–¥—á–µ—Ä–∫–Ω—É—Ç –µ–µ –∫—Ä–∞—Å–æ—Ç—É –∏ —É—Ç–æ–Ω—á–µ–Ω–Ω–æ—Å—Ç—å. –î–æ—Å—Ç–∞–≤–∫–∞ –ø–æ –ú–æ—Å–∫–≤–µ –∏ –†–æ—Å—Å–∏–∏ üë©üéÅ‚ú®!"
/filter/tip_podarka-is-populyarnye/apply/,–ü–æ–ø—É–ª—è—Ä–Ω—ã–µ –ø–æ–¥–∞—Ä–∫–∏,–ü–æ–ø—É–ª—è—Ä–Ω—ã–µ —ç–ª–∏—Ç–Ω—ã–µ –ø–æ–¥–∞—Ä–∫–∏,–ü–æ–ø—É–ª—è—Ä–Ω—ã–µ —ç–ª–∏—Ç–Ω—ã–µ –ø–æ–¥–∞—Ä–∫–∏ | –≠–ª–∏—Ç–Ω—ã–µ –ü–æ–¥–∞—Ä–∫–∏,"–ü–æ–¥–∞—Ä–∏—Ç–µ –≤–ø–µ—á–∞—Ç–ª–µ–Ω–∏—è —Å –Ω–∞—à–∏–º–∏ –ø–æ–ø—É–ª—è—Ä–Ω—ã–º–∏ –ø–æ–¥–∞—Ä–∫–∞–º–∏. –í –Ω–∞—à–µ–º –∞—Å—Å–æ—Ä—Ç–∏–º–µ–Ω—Ç–µ –≤—ã –Ω–∞–π–¥–µ—Ç–µ –º–æ–¥–Ω—ã–µ –∏ —Å—Ç–∏–ª—å–Ω—ã–µ –ø–æ–¥–∞—Ä–∫–∏, –∫–æ—Ç–æ—Ä—ã–µ –ø—Ä–∏–¥—É—Ç—Å—è –ø–æ –≤–∫—É—Å—É –∫–∞–∂–¥–æ–º—É. –î–æ—Å—Ç–∞–≤–∫–∞ –ø–æ –ú–æ—Å–∫–≤–µ –∏ –†–æ—Å—Å–∏–∏ üéÅ‚ú®!"
/filter/povod-is-na-pamyat/apply/,–ü–æ–¥–∞—Ä–æ–∫ –ù–∞ –ø–∞–º—è—Ç—å,–≠–ª–∏—Ç–Ω—ã–µ –ø–æ–¥–∞—Ä–∫–∏ –Ω–∞ –ø–∞–º—è—Ç—å,–≠–ª–∏—Ç–Ω—ã–π –ø–æ–¥–∞—Ä–æ–∫ –Ω–∞ –ø–∞–º—è—Ç—å | –≠–ª–∏—Ç–Ω—ã–µ –ü–æ–¥–∞—Ä–∫–∏,"–ü–æ–¥–∞—Ä–∏—Ç–µ –Ω–µ–∑–∞–±—ã–≤–∞–µ–º—ã–µ –≤–æ—Å–ø–æ–º–∏–Ω–∞–Ω–∏—è —Å –Ω–∞—à–∏–º —ç–ª–∏—Ç–Ω—ã–º –ø–æ–¥–∞—Ä–∫–æ–º –Ω–∞ –ø–∞–º—è—Ç—å. –í –Ω–∞—à–µ–º –∞—Å—Å–æ—Ä—Ç–∏–º–µ–Ω—Ç–µ –≤—ã –Ω–∞–π–¥–µ—Ç–µ –∏–∑—ã—Å–∫–∞–Ω–Ω—ã–µ –∏ –ø–µ—Ä—Å–æ–Ω–∞–ª–∏–∑–∏—Ä–æ–≤–∞–Ω–Ω—ã–µ –ø–æ–¥–∞—Ä–∫–∏, –∫–æ—Ç–æ—Ä—ã–µ –±—É–¥—É—Ç —Ö—Ä–∞–Ω–∏—Ç—å—Å—è –≤ —Å–µ—Ä–¥—Ü–∞—Ö –Ω–∞–≤—Å–µ–≥–¥–∞. –î–æ—Å—Ç–∞–≤–∫–∞ –ø–æ –ú–æ—Å–∫–≤–µ –∏ –†–æ—Å—Å–∏–∏ üì∏üéÅ‚ú®!"
/filter/komu-is-muzhchine-or-muzhu/apply/,–ü–æ–¥–∞—Ä–æ–∫ –º—É–∂—É,–≠–ª–∏—Ç–Ω—ã–µ –ø–æ–¥–∞—Ä–∫–∏ –¥–ª—è –º—É–∂–∞,–≠–ª–∏—Ç–Ω—ã–π –ø–æ–¥–∞—Ä–æ–∫ –¥–ª—è –º—É–∂–∞ | –≠–ª–∏—Ç–Ω—ã–µ –ü–æ–¥–∞—Ä–∫–∏,"–ü–æ–¥–∞—Ä–∏—Ç–µ –Ω–µ–∑–∞–±—ã–≤–∞–µ–º—ã–µ –º–æ–º–µ–Ω—Ç—ã —Å –Ω–∞—à–∏–º —ç–ª–∏—Ç–Ω—ã–º –ø–æ–¥–∞—Ä–∫–æ–º –¥–ª—è –≤–∞—à–µ–≥–æ –º—É–∂–∞. –í –Ω–∞—à–µ–º –∞—Å—Å–æ—Ä—Ç–∏–º–µ–Ω—Ç–µ –≤—ã –Ω–∞–π–¥–µ—Ç–µ –∏–∑—ã—Å–∫–∞–Ω–Ω—ã–µ –∏ –ø—Ä–∞–∫—Ç–∏—á–Ω—ã–µ –ø–æ–¥–∞—Ä–∫–∏, –∫–æ—Ç–æ—Ä—ã–µ –ø–æ–¥—á–µ—Ä–∫–Ω—É—Ç –≤–∞—à—É –ª—é–±–æ–≤—å –∏ —É–≤–∞–∂–µ–Ω–∏–µ. –î–æ—Å—Ç–∞–≤–∫–∞ –ø–æ –ú–æ—Å–∫–≤–µ –∏ –†–æ—Å—Å–∏–∏ üë®‚Äç‚ù§Ô∏è‚Äçüë®üéÅ‚ú®!"
/filter/komu-is-muzhchine-or-puteshestvenniku/apply/,–ü–æ–¥–∞—Ä–æ–∫ –º—É–∂—á–∏–Ω–µ-–ø—É—Ç–µ—à–µ—Å—Ç–≤–µ–Ω–Ω–∏–∫—É,–≠–ª–∏—Ç–Ω—ã–µ –ø–æ–¥–∞—Ä–∫–∏ –¥–ª—è –º—É–∂—á–∏–Ω—ã-–ø—É—Ç–µ—à–µ—Å—Ç–≤–µ–Ω–Ω–∏–∫,–≠–ª–∏—Ç–Ω—ã–π –ø–æ–¥–∞—Ä–æ–∫ –¥–ª—è –º—É–∂—á–∏–Ω—ã-–ø—É—Ç–µ—à–µ—Å—Ç–≤–µ–Ω–Ω–∏–∫–∞ | –≠–ª–∏—Ç–Ω—ã–µ –ü–æ–¥–∞—Ä–∫–∏,"–ü–æ–¥–∞—Ä–∏—Ç–µ –Ω–µ–∑–∞–±—ã–≤–∞–µ–º—ã–µ –ø—Ä–∏–∫–ª—é—á–µ–Ω–∏—è —Å –Ω–∞—à–∏–º —ç–ª–∏—Ç–Ω—ã–º –ø–æ–¥–∞—Ä–∫–æ–º –¥–ª—è –º—É–∂—á–∏–Ω—ã-–ø—É—Ç–µ—à–µ—Å—Ç–≤–µ–Ω–Ω–∏–∫–∞. –í –Ω–∞—à–µ–º –∞—Å—Å–æ—Ä—Ç–∏–º–µ–Ω—Ç–µ –≤—ã –Ω–∞–π–¥–µ—Ç–µ –∏–∑—ã—Å–∫–∞–Ω–Ω—ã–µ –∏ –ø—Ä–∞–∫—Ç–∏—á–Ω—ã–µ –ø–æ–¥–∞—Ä–∫–∏, –∫–æ—Ç–æ—Ä—ã–µ —Å–¥–µ–ª–∞—é—Ç –∫–∞–∂–¥–æ–µ –ø—É—Ç–µ—à–µ—Å—Ç–≤–∏–µ –Ω–µ–∑–∞–±—ã–≤–∞–µ–º—ã–º. –î–æ—Å—Ç–∞–≤–∫–∞ –ø–æ –ú–æ—Å–∫–≤–µ –∏ –†–æ—Å—Å–∏–∏ üåçüéÅ‚ú®!"
/filter/tip_podarka-is-10-luchshix-podarkov/apply/,10 –ª—É—á—à–∏—Ö –ø–æ–¥–∞—Ä–∫–æ–≤,–õ—É—á—à–∏–µ —ç–ª–∏—Ç–Ω—ã–µ –ø–æ–¥–∞—Ä–∫–∏,–õ—É—á—à–∏–µ —ç–ª–∏—Ç–Ω—ã–µ –ø–æ–¥–∞—Ä–∫–∏ | –≠–ª–∏—Ç–Ω—ã–µ –ü–æ–¥–∞—Ä–∫–∏,"–ü–æ–¥–∞—Ä–∏—Ç–µ –ª—É—á—à–µ–µ –∏–∑ –ª—É—á—à–µ–≥–æ —Å –Ω–∞—à–∏–º–∏ –¢–û–ü-10 –ø–æ–¥–∞—Ä–∫–∞–º–∏. –í –Ω–∞—à–µ–º –∞—Å—Å–æ—Ä—Ç–∏–º–µ–Ω—Ç–µ –≤—ã –Ω–∞–π–¥–µ—Ç–µ —Å–∞–º—ã–µ –ø–æ–ø—É–ª—è—Ä–Ω—ã–µ –∏ –æ—Ä–∏–≥–∏–Ω–∞–ª—å–Ω—ã–µ –ø–æ–¥–∞—Ä–∫–∏, –∫–æ—Ç–æ—Ä—ã–µ –ø—Ä–∏–¥—É—Ç—Å—è –ø–æ –≤–∫—É—Å—É –∫–∞–∂–¥–æ–º—É. –î–æ—Å—Ç–∞–≤–∫–∞ –ø–æ –ú–æ—Å–∫–≤–µ –∏ –†–æ—Å—Å–∏–∏ üéÅ‚ú®!"
/filter/komu-is-pare-or-druzyam/apply/,–ü–æ–¥–∞—Ä–æ–∫ –ü–∞—Ä–µ –î—Ä—É–∑—å—è–º,–≠–ª–∏—Ç–Ω—ã–µ –ø–æ–¥–∞—Ä–∫–∏ –¥–ª—è –ø–∞—Ä—ã,–≠–ª–∏—Ç–Ω—ã–µ –ø–æ–¥–∞—Ä–∫–∏ –¥–ª—è –ø–∞—Ä—ã | –≠–ª–∏—Ç–Ω—ã–µ –ü–æ–¥–∞—Ä–∫–∏,"–ü–æ–¥–∞—Ä–∏—Ç–µ –Ω–µ–∑–∞–±—ã–≤–∞–µ–º—ã–µ –º–æ–º–µ–Ω—Ç—ã —Å –Ω–∞—à–∏–º —ç–ª–∏—Ç–Ω—ã–º –ø–æ–¥–∞—Ä–∫–æ–º –¥–ª—è –ø–∞—Ä—ã. –í –Ω–∞—à–µ–º –∞—Å—Å–æ—Ä—Ç–∏–º–µ–Ω—Ç–µ –≤—ã –Ω–∞–π–¥–µ—Ç–µ –∏–∑—ã—Å–∫–∞–Ω–Ω—ã–µ –∏ —Å—Ç–∏–ª—å–Ω—ã–µ –ø–æ–¥–∞—Ä–∫–∏, –∫–æ—Ç–æ—Ä—ã–µ –ø–æ–¥—á–µ—Ä–∫–Ω—É—Ç –≤–∞—à—É –¥—Ä—É–∂–±—É –∏ –ø—Ä–∏–≤—è–∑–∞–Ω–Ω–æ—Å—Ç—å. –î–æ—Å—Ç–∞–≤–∫–∞ –ø–æ –ú–æ—Å–∫–≤–µ –∏ –†–æ—Å—Å–∏–∏ üë´üéÅ‚ú®!"